fips,name,votes,absentee_votes,reporting,precincts,absentee_method,eevp,tot_exp_vote,eevp_value,eevp_display,eevp_source,turnout_stage,absentee_count_progress,absentee_outstanding,absentee_max_ballots,provisional_outstanding,provisional_count_progress,results_perdued,results_ossoffj,results_hazels,results_write_ins,results_absentee_perdued,results_absentee_ossoffj,results_absentee_hazels,results_absentee_write_ins,last_updated,leader_margin_value,leader_margin_display,leader_margin_name_display,leader_party_id,leader_key,state,retrieved_time
13001,Appling,8187,6104,9,9,None,98,8390,98%,98% reported,edison,10,unknown,,4621,,,6306,1753,128,,4611,1398,95,,2020-12-04T23:22:18Z,55.61256,R+56,Perdue +56,republican,perdued,georgia,2021-05-09T20:05:54.175111Z
13003,Atkinson,3097,2144,4,4,None,98,3155,98%,98% reported,edison,10,unknown,,2338,,,2272,773,52,0,1562,553,29,0,2020-11-24T13:26:16Z,48.40168,R+48,Perdue +48,republican,perdued,georgia,2021-05-09T20:05:54.175111Z
13005,Bacon,4590,4021,1,1,"As a precinct in the FIRST cumulative report, along with regular precincts",98,4667,98%,98% reported,edison,10,some,,3600,,,3929,591,70,,3512,463,46,,2020-12-04T23:22:47Z,72.72331,R+73,Perdue +73,republican,perdued,georgia,2021-05-09T20:05:54.175111Z
13007,Baker,1534,1094,5,5,"Released as first report, then NOT included in cumulative results",99,1555,99%,99% reported,edison,10,unknown,,1091,,,873,648,13,,582,503,9,,2020-11-24T13:26:01Z,14.66754,R+15,Perdue +15,republican,perdued,georgia,2021-05-09T20:05:54.175111Z
13009,Baldwin,18082,14622,14,14,Other,99,18261,99%,99% reported,edison,10,unknown,,14066,,,8873,8783,426,0,7024,7282,316,0,2021-03-06T23:24:00Z,0.49773,R+0.50,Perdue +0.50,republican,perdued,georgia,2021-05-09T20:05:54.175111Z
13011,Banks,8725,6908,13,13,None,99,8805,99%,99% reported,edison,10,unknown,,3683,,,7636,899,190,,6030,745,133,,2021-01-12T21:52:56Z,77.2149,R+77,Perdue +77,republican,perdued,georgia,2021-05-09T20:05:54.175111Z
13013,Barrow,37627,29762,8,8,None,99,37946,99%,99% reported,edison,10,unknown,,20877,,,26317,10066,1193,51,20630,8300,832,0,2021-01-12T21:53:07Z,43.18973,R+43,Perdue +43,republican,perdued,georgia,2021-05-09T20:05:54.175111Z
13015,Bartow,50034,37419,17,17,None,99,50486,99%,99% reported,edison,10,unknown,,25757,,,37009,11664,1361,,27074,9467,878,,2021-01-12T21:53:21Z,50.65555,R+51,Perdue +51,republican,perdued,georgia,2021-05-09T20:05:54.175111Z
13017,Ben Hill,6477,5686,3,3,Other,99,6564,99%,99% reported,edison,10,unknown,,5778,,,4077,2284,116,,3650,1945,91,,2020-12-04T23:25:02Z,27.68257,R+28,Perdue +28,republican,perdued,georgia,2021-05-09T20:05:54.175111Z
13019,Berrien,7650,5471,5,5,Released as a separate subtotal as first report of the night,99,7744,99%,99% reported,edison,10,unknown,,4416,,,6286,1204,160,,4488,879,104,,2021-01-12T21:53:30Z,66.43137,R+66,Perdue +66,republican,perdued,georgia,2021-05-09T20:05:54.175111Z
13021,Bibb,69987,52909,31,31,Released as a separate subtotal in the middle of the tabulation,99,70763,99%,99% reported,edison,10,unknown,,38674,,,26645,41928,1414,,18728,33210,971,,2021-01-13T16:51:49Z,21.83691,D+22,Ossoff +22,democrat,ossoffj,georgia,2021-05-09T20:05:54.175111Z
13023,Bleckley,5644,4386,1,1,Merged into voters' home precincts and released with cumulative results,99,5710,99%,99% reported,edison,10,unknown,,4032,,,4281,1249,114,,3348,957,81,,2021-01-12T21:54:13Z,53.72077,R+54,Perdue +54,republican,perdued,georgia,2021-05-09T20:05:54.175111Z
13025,Brantley,7616,5475,3,3,"As a precinct in the FIRST cumulative report, along with regular precincts",98,7749,98%,98% reported,edison,10,unknown,,3280,,,6812,688,116,,4881,524,70,,2020-12-04T23:28:04Z,80.40966,R+80,Perdue +80,republican,perdued,georgia,2021-05-09T20:05:54.175111Z
13027,Brooks,6976,5024,7,7,Released as a precinct as first report of the night,98,7101,98%,98% reported,edison,10,unknown,,5648,,,4250,2607,119,0,2843,2098,83,0,2021-03-07T02:37:57Z,23.55218,R+24,Perdue +24,republican,perdued,georgia,2021-05-09T20:05:54.175111Z
13029,Bryan,21163,17639,10,10,Released as a precinct in the middle of the night,99,21349,99%,99% reported,edison,10,unknown,,11968,,,14067,6497,599,,11545,5641,453,,2021-01-12T21:54:32Z,35.76998,R+36,Perdue +36,republican,perdued,georgia,2021-05-09T20:05:54.175111Z
13031,Bulloch,29793,20488,16,16,Other,99,30109,99%,99% reported,edison,10,unknown,,19275,,,18232,10846,715,,11643,8402,443,,2021-01-12T21:54:43Z,24.79106,R+25,Perdue +25,republican,perdued,georgia,2021-05-09T20:05:54.175111Z
13033,Burke,10560,7115,16,16,None,99,10685,99%,99% reported,edison,10,unknown,,6829,,,5407,4989,164,,3473,3541,101,,2021-01-12T21:54:51Z,3.95833,R+4,Perdue +4,republican,perdued,georgia,2021-05-09T20:05:54.175111Z
13035,Butts,11690,10446,1,1,Released as a precinct as first report of the night,99,11776,99%,99% reported,edison,10,unknown,,10779,,,8329,3129,215,17,7504,2756,186,0,2021-01-13T17:05:58Z,44.48246,R+44,Perdue +44,republican,perdued,georgia,2021-05-09T20:05:54.175111Z
13037,Calhoun,2172,1528,5,5,Merged into voters' home precincts and released with cumulative results,99,2198,99%,99% reported,edison,10,unknown,,1318,,,933,1211,28,,652,863,13,,2020-12-05T00:00:22Z,12.79926,D+13,Ossoff +13,democrat,ossoffj,georgia,2021-05-09T20:05:54.175111Z
13039,Camden,23349,18420,14,14,"As a precinct in the FIRST cumulative report, along with regular precincts",99,23698,99%,99% reported,edison,10,unknown,,14382,,,14987,7467,895,,11488,6321,611,,2021-01-12T21:55:19Z,32.20695,R+32,Perdue +32,republican,perdued,georgia,2021-05-09T20:05:54.175111Z
13043,Candler,4370,2250,1,1,Other,99,4431,99%,99% reported,edison,10,unknown,,3010,,,3077,1233,60,0,1508,715,27,0,2020-11-24T13:26:05Z,42.1968,R+42,Perdue +42,republican,perdued,georgia,2021-05-09T20:05:54.175111Z
13045,Carroll,53973,39627,28,28,None,99,54502,99%,99% reported,edison,10,unknown,,31790,,,36997,15549,1427,,26122,12579,926,,2021-01-12T21:55:34Z,39.73839,R+40,Perdue +40,republican,perdued,georgia,2021-05-09T20:05:54.175111Z
13047,Catoosa,32212,25882,11,11,None,99,32626,99%,99% reported,edison,10,unknown,,21358,,,24571,6599,1004,38,19535,5629,698,20,2021-01-13T17:06:54Z,55.79287,R+56,Perdue +56,republican,perdued,georgia,2021-05-09T20:05:54.175111Z
13049,Charlton,4477,3126,8,8,Merged into voters' home precincts and released with cumulative results,98,4568,98%,98% reported,edison,10,unknown,,2992,,,3357,1016,104,,2259,794,73,,2020-12-04T23:32:56Z,52.28948,R+52,Perdue +52,republican,perdued,georgia,2021-05-09T20:05:54.175111Z
13051,Chatham,131847,94558,92,92,Released as a precinct as first report of the night,99,133484,99%,99% reported,edison,10,all,,63578,,,52988,75873,2986,0,34750,58082,1726,0,2021-01-12T21:56:05Z,17.35724,D+17,Ossoff +17,democrat,ossoffj,georgia,2021-05-09T20:05:54.175111Z
13053,Chattahoochee,1548,1094,1,1,None,98,1582,98%,98% reported,edison,10,unknown,,126,,,850,636,60,2,569,485,40,0,2020-11-24T13:26:06Z,13.82429,R+14,Perdue +14,republican,perdued,georgia,2021-05-09T20:05:54.175111Z
13055,Chattooga,9938,7077,13,13,Released with cumulative results periodically election night,99,10053,99%,99% reported,edison,10,unknown,,5234,,,7777,1886,275,,5395,1493,189,,2021-01-12T21:56:15Z,59.27752,R+59,Perdue +59,republican,perdued,georgia,2021-05-09T20:05:54.175111Z
13057,Cherokee,143526,112262,42,42,Released as a separate subtotal as first report of the night,99,144859,99%,99% reported,edison,10,unknown,,90723,,,99384,39928,4214,,75911,33576,2775,,2021-01-12T21:56:24Z,41.42525,R+41,Perdue +41,republican,perdued,georgia,2021-05-09T20:05:54.175111Z
13059,Clarke,50950,41876,24,24,None,99,51421,99%,99% reported,edison,10,unknown,,31528,,,15078,34549,1323,,11596,29392,888,,2021-01-12T21:58:55Z,38.2159,D+38,Ossoff +38,democrat,ossoffj,georgia,2021-05-09T20:05:54.175111Z
13061,Clay,1416,1117,5,5,Merged into voters' home precincts and released with cumulative results,99,1436,99%,99% reported,edison,10,all,,907,,,647,748,21,,519,582,16,,2021-01-12T21:59:01Z,7.13277,D+7,Ossoff +7,democrat,ossoffj,georgia,2021-05-09T20:05:54.175111Z
13063,Clayton,111045,90234,65,65,None,99,112391,99%,99% reported,edison,10,unknown,,91435,,,14841,93699,2505,,11796,76605,1833,,2021-01-13T16:56:03Z,71.01445,D+71,Ossoff +71,democrat,ossoffj,georgia,2021-05-09T20:05:54.175111Z
13065,Clinch,2797,1963,5,5,"As a precinct in the FIRST cumulative report, along with regular precincts",98,2862,98%,98% reported,edison,10,unknown,,1870,,,2083,660,54,,1477,448,38,,2021-01-12T21:59:33Z,50.87594,R+51,Perdue +51,republican,perdued,georgia,2021-05-09T20:05:54.175111Z
13067,Cobb,390772,319681,145,145,Merged into voters' home precincts and released with cumulative results,99,394022,99%,99% reported,edison,10,all,,202586,,,169658,210851,10263,0,131644,180918,7119,0,2021-01-13T17:08:11Z,10.54144,D+11,Ossoff +11,democrat,ossoffj,georgia,2021-05-09T20:05:54.175111Z
13069,Coffee,14991,11292,6,6,Other,99,15214,99%,99% reported,edison,10,unknown,,13390,,,10424,4281,286,0,7880,3211,201,0,2021-03-07T03:06:15Z,40.97792,R+41,Perdue +41,republican,perdued,georgia,2021-05-09T20:05:54.175111Z
13071,Colquitt,15891,10482,19,19,None,99,16087,99%,99% reported,edison,10,unknown,,9626,,,11644,3990,257,,7430,2904,148,,2021-01-12T21:59:56Z,48.16563,R+48,Perdue +48,republican,perdued,georgia,2021-05-09T20:05:54.175111Z
13073,Columbia,79907,61020,47,47,Merged into voters' home precincts and released with cumulative results,99,80620,99%,99% reported,edison,10,unknown,,44339,,,50220,27759,1928,,36879,22895,1246,,2021-01-12T22:00:07Z,28.10893,R+28,Perdue +28,republican,perdued,georgia,2021-05-09T20:05:54.175111Z
13075,Cook,6972,5305,8,8,Released as a separate subtotal as first report of the night,99,7037,99%,99% reported,edison,10,unknown,,5070,,,4864,1963,145,,3760,1441,104,,2021-01-12T22:00:20Z,41.60929,R+42,Perdue +42,republican,perdued,georgia,2021-05-09T20:05:54.175111Z
13077,Coweta,76122,52012,26,26,None,99,76845,99%,99% reported,edison,10,unknown,,37867,,,51299,22915,1908,,33191,17704,1117,,2021-01-12T22:00:32Z,37.28751,R+37,Perdue +37,republican,perdued,georgia,2021-05-09T20:05:54.175111Z
13079,Crawford,6026,4597,6,6,Released as a separate subtotal as first report of the night,99,6102,99%,99% reported,edison,10,unknown,,4342,,,4330,1561,135,,3203,1298,96,,2021-01-13T16:49:51Z,45.95088,R+46,Perdue +46,republican,perdued,georgia,2021-05-09T20:05:54.175111Z
13081,Crisp,7980,6411,5,5,None,99,8036,99%,99% reported,edison,10,unknown,,6558,,,5054,2809,105,12,4070,2260,72,9,2021-03-07T03:06:33Z,28.13283,R+28,Perdue +28,republican,perdued,georgia,2021-05-09T20:05:54.175111Z
13083,Dade,7332,5042,7,7,Merged into voters' home precincts and released with cumulative results,98,7447,98%,98% reported,edison,10,all,,4573,,,5871,1253,208,,3924,980,138,,2021-03-06T23:21:08Z,62.98418,R+63,Perdue +63,republican,perdued,georgia,2021-05-09T20:05:54.175111Z
13085,Dawson,15924,13278,3,3,Released as a separate subtotal as first report of the night,99,16084,99%,99% reported,edison,10,unknown,,10581,,,13217,2289,418,,10936,2037,305,,2021-01-12T22:01:10Z,68.62597,R+69,Perdue +69,republican,perdued,georgia,2021-05-09T20:05:54.175111Z
13089,DeKalb,367643,319141,191,191,Released with cumulative results periodically election night,99,370877,99%,99% reported,edison,10,unknown,,261315,,,61859,298479,7305,,49426,264195,5520,,2021-01-12T22:01:36Z,64.36135,D+64,Ossoff +64,democrat,ossoffj,georgia,2021-05-09T20:05:54.175111Z
13087,Decatur,11449,9169,9,9,Merged into voters' home precincts and released with cumulative results,98,11628,98%,98% reported,edison,10,unknown,,9618,,,6696,4563,190,,5242,3780,147,,2021-01-13T16:50:05Z,18.63045,R+19,Perdue +19,republican,perdued,georgia,2021-05-09T20:05:54.175111Z
13091,Dodge,7952,5062,16,16,Released as a precinct as first report of the night,99,8072,99%,99% reported,edison,10,unknown,,5826,,,5793,2021,138,0,3482,1490,90,0,2021-03-07T03:06:36Z,47.43461,R+47,Perdue +47,republican,perdued,georgia,2021-05-09T20:05:54.175111Z
13093,Dooly,4059,3103,5,5,Released as a precinct as first report of the night,99,4106,99%,99% reported,edison,10,unknown,,3453,,,2158,1826,75,,1688,1364,51,,2021-01-12T22:02:07Z,8.17935,R+8,Perdue +8,republican,perdued,georgia,2021-05-09T20:05:54.175111Z
13095,Dougherty,34911,23105,28,28,None,99,35290,99%,99% reported,edison,10,unknown,,27832,,,10588,23821,502,0,6289,16537,279,0,2021-01-13T16:50:27Z,37.90496,D+38,Ossoff +38,democrat,ossoffj,georgia,2021-05-09T20:05:54.175111Z
13097,Douglas,68441,57320,25,25,Merged into voters' home precincts and released with cumulative results,99,69139,99%,99% reported,edison,10,unknown,,54542,,,25002,41796,1643,,20321,35815,1184,,2021-01-13T16:56:17Z,24.53792,D+25,Ossoff +25,democrat,ossoffj,georgia,2021-05-09T20:05:54.175111Z
13099,Early,5105,3661,5,5,Other,98,5188,98%,98% reported,edison,10,all,,3645,,,2796,2232,77,,1976,1637,48,,2021-03-07T03:06:47Z,11.04799,R+11,Perdue +11,republican,perdued,georgia,2021-05-09T20:05:54.175111Z
13101,Echols,1418,1161,1,1,None,98,1442,98%,98% reported,edison,10,unknown,,886,,,1232,162,24,,1011,131,19,,2021-01-12T22:02:41Z,75.45839,R+75,Perdue +75,republican,perdued,georgia,2021-05-09T20:05:54.175111Z
13103,Effingham,31319,21961,17,17,Merged into voters' home precincts and released with cumulative results,99,31579,99%,99% reported,edison,10,unknown,,15051,,,22832,7627,828,32,15649,5837,475,0,2021-01-12T22:02:54Z,48.5488,R+49,Perdue +49,republican,perdued,georgia,2021-05-09T20:05:54.175111Z
13105,Elbert,9075,6695,11,11,None,99,9176,99%,99% reported,edison,10,unknown,,7709,,,6225,2717,133,0,4389,2217,89,0,2021-01-13T17:08:22Z,38.65565,R+39,Perdue +39,republican,perdued,georgia,2021-05-09T20:05:54.175111Z
13107,Emanuel,9368,5992,11,11,Released as a precinct as first report of the night,99,9507,99%,99% reported,edison,10,unknown,,5450,,,6513,2720,135,0,4002,1906,84,0,2021-01-12T22:03:16Z,40.4889,R+40,Perdue +40,republican,perdued,georgia,2021-05-09T20:05:54.175111Z
13109,Evans,4191,3485,1,1,Released as a precinct as first report of the night,99,4248,99%,99% reported,edison,10,unknown,,3528,,,2876,1251,64,,2413,1024,48,,2021-01-12T22:03:28Z,38.77356,R+39,Perdue +39,republican,perdued,georgia,2021-05-09T20:05:54.175111Z
13111,Fannin,14686,10098,12,12,Released as a precinct at the end of tabulation,99,14849,99%,99% reported,edison,10,unknown,,7570,,,11972,2415,299,,7882,2032,184,,2020-12-04T23:41:46Z,65.07558,R+65,Perdue +65,republican,perdued,georgia,2021-05-09T20:05:54.175111Z
13113,Fayette,71470,61288,36,36,Other,99,72012,99%,99% reported,edison,10,unknown,,60498,,,38403,31477,1590,,32017,28069,1202,,2021-01-12T22:03:40Z,9.69078,R+10,Perdue +10,republican,perdued,georgia,2021-05-09T20:05:54.175111Z
13115,Floyd,41288,30904,25,25,None,100,41365,100%,100% reported,edison,10,unknown,,25280,,,28752,11480,1056,,20930,9270,704,,2021-01-12T22:03:51Z,41.83298,R+42,Perdue +42,republican,perdued,georgia,2021-05-09T20:05:54.175111Z
13117,Forsyth,128267,114715,20,20,Released as a separate subtotal in the middle of the tabulation,99,129377,99%,99% reported,edison,10,unknown,,77750,,,85652,39229,3386,,76037,35962,2716,,2021-01-12T22:04:08Z,36.19247,R+36,Perdue +36,republican,perdued,georgia,2021-05-09T20:05:54.175111Z
13119,Franklin,10659,7994,7,7,Released as a separate subtotal as first report of the night,99,10767,99%,99% reported,edison,10,unknown,,4626,,,8993,1465,187,14,6723,1140,122,9,2021-01-13T17:07:47Z,70.62576,R+71,Perdue +71,republican,perdued,georgia,2021-05-09T20:05:54.175111Z
13121,Fulton,520778,457996,384,384,Released as a precinct as first report of the night,99,523931,99%,99% reported,edison,10,unknown,,262589,,,146466,363269,11043,,125759,323677,8560,,2021-01-12T22:04:29Z,41.6306,D+42,Ossoff +42,democrat,ossoffj,georgia,2021-05-09T20:05:54.175111Z
13123,Gilmer,16307,11448,13,13,Released as a precinct as first report of the night,99,16527,99%,99% reported,edison,10,some,,8613,,,13206,2715,386,,8924,2279,245,,2021-01-12T22:04:38Z,64.33433,R+64,Perdue +64,republican,perdued,georgia,2021-05-09T20:05:54.175111Z
13125,Glascock,1540,1095,4,4,None,98,1565,98%,98% reported,edison,10,unknown,,920,,,1366,150,24,0,970,108,17,0,2021-03-06T23:21:23Z,78.96104,R+79,Perdue +79,republican,perdued,georgia,2021-05-09T20:05:54.175111Z
13127,Glynn,41468,34446,20,20,Released as a precinct as first report of the night,99,41994,99%,99% reported,edison,10,all,,28819,,,25560,14938,970,0,20910,12833,703,0,2021-01-13T17:08:36Z,25.61493,R+26,Perdue +26,republican,perdued,georgia,2021-05-09T20:05:54.175111Z
13129,Gordon,23766,15707,12,12,Other,99,24044,99%,99% reported,edison,10,some,,12109,,,19011,4182,573,,12184,3171,352,,2021-01-12T22:05:12Z,62.39586,R+62,Perdue +62,republican,perdued,georgia,2021-05-09T20:05:54.175111Z
13131,Grady,10580,7890,13,13,Released as a precinct as first report of the night,99,10707,99%,99% reported,edison,10,unknown,,7808,,,6969,3465,146,0,4960,2835,95,0,2021-03-07T03:07:02Z,33.11909,R+33,Perdue +33,republican,perdued,georgia,2021-05-09T20:05:54.175111Z
13133,Greene,11162,9701,5,5,Released as a precinct as first report of the night,99,11247,99%,99% reported,edison,10,all,,8130,,,7247,3763,152,,6380,3212,109,,2021-01-13T14:17:30Z,31.21304,R+31,Perdue +31,republican,perdued,georgia,2021-05-09T20:05:54.175111Z
13135,Gwinnett,411206,337729,156,156,Released with cumulative results periodically election night,99,414350,99%,99% reported,edison,10,unknown,,177474,,,166754,233551,10901,,131957,198031,7741,,2021-01-13T14:17:45Z,16.24417,D+16,Ossoff +16,democrat,ossoffj,georgia,2021-05-09T20:05:54.175111Z
13137,Habersham,20259,17052,7,7,Other,99,20442,99%,99% reported,edison,10,unknown,,14590,,,16385,3340,534,,13815,2844,393,,2021-01-13T14:17:54Z,64.39113,R+64,Perdue +64,republican,perdued,georgia,2021-05-09T20:05:54.175111Z
13139,Hall,89787,74400,31,31,None,99,90602,99%,99% reported,edison,10,unknown,,42947,,,63833,23487,2467,,52931,19692,1777,,2021-01-13T14:18:08Z,44.93524,R+45,Perdue +45,republican,perdued,georgia,2021-05-09T20:05:54.175111Z
13141,Hancock,4097,3192,10,10,None,99,4153,99%,99% reported,edison,10,unknown,,2875,,,1173,2858,66,,886,2254,52,,2020-12-04T23:35:44Z,41.12765,D+41,Ossoff +41,democrat,ossoffj,georgia,2021-05-09T20:05:54.175111Z
13143,Haralson,14135,9439,12,12,Merged into voters' home precincts and released with cumulative results,99,14248,99%,99% reported,edison,10,unknown,,6862,,,12016,1764,336,19,7816,1411,212,0,2021-01-13T14:18:17Z,72.52918,R+73,Perdue +73,republican,perdued,georgia,2021-05-09T20:05:54.175111Z
13145,Harris,19854,12875,12,12,None,99,20002,99%,99% reported,edison,10,unknown,,12696,,,14279,5192,383,,8739,3924,212,,2021-01-13T14:19:57Z,45.76911,R+46,Perdue +46,republican,perdued,georgia,2021-05-09T20:05:54.175111Z
13147,Hart,12532,9607,7,7,Released as a precinct at the end of tabulation,98,12734,98%,98% reported,edison,10,some,,6811,,,9377,2937,218,,7070,2392,145,,2021-01-13T14:20:03Z,51.38845,R+51,Perdue +51,republican,perdued,georgia,2021-05-09T20:05:54.175111Z
13149,Heard,5333,3495,6,6,Merged into voters' home precincts and released with cumulative results,99,5394,99%,99% reported,edison,10,unknown,,2362,,,4413,802,113,5,2801,609,82,3,2020-12-04T23:37:36Z,67.71048,R+68,Perdue +68,republican,perdued,georgia,2021-05-09T20:05:54.175111Z
13151,Henry,121709,104925,37,37,Other,99,123016,99%,99% reported,edison,10,unknown,,101421,,,47486,71592,2631,,39557,63312,2056,,2021-01-13T16:56:25Z,19.80626,D+20,Ossoff +20,democrat,ossoffj,georgia,2021-05-09T20:05:54.175111Z
13153,Houston,74162,55678,16,16,Other,99,74872,99%,99% reported,edison,10,some,,53598,,,41428,30955,1779,,29897,24637,1144,,2021-01-13T16:51:56Z,14.12179,R+14,Perdue +14,republican,perdued,georgia,2021-05-09T20:05:54.175111Z
13155,Irwin,4144,3250,3,3,Released as a precinct as first report of the night,99,4168,99%,99% reported,edison,10,all,,2670,,,3095,982,67,,2458,740,52,,2021-01-13T16:55:39Z,50.98938,R+51,Perdue +51,republican,perdued,georgia,2021-05-09T20:05:54.175111Z
13157,Jackson,37383,31227,4,4,Released as a precinct as first report of the night,99,37685,99%,99% reported,edison,10,some,,20045,,,29166,7262,955,,24293,6235,699,,2021-01-13T14:20:40Z,58.59348,R+59,Perdue +59,republican,perdued,georgia,2021-05-09T20:05:54.175111Z
13159,Jasper,7592,5723,3,3,Released as a precinct as first report of the night,99,7647,99%,99% reported,edison,10,unknown,,5181,,,5751,1690,151,,4235,1393,95,,2021-01-13T14:20:49Z,53.49052,R+53,Perdue +53,republican,perdued,georgia,2021-05-09T20:05:54.175111Z
13161,Jeff Davis,5698,4032,7,7,Other,99,5774,99%,99% reported,edison,10,unknown,,3910,,,4574,1013,111,0,3197,764,71,0,2021-03-07T03:07:18Z,62.49561,R+62,Perdue +62,republican,perdued,georgia,2021-05-09T20:05:54.175111Z
13163,Jefferson,7554,5380,8,8,Merged into voters' home precincts and released with cumulative results,99,7639,99%,99% reported,edison,10,unknown,,4930,,,3539,3913,102,0,2432,2878,70,0,2021-03-07T03:07:31Z,4.95102,D+5,Ossoff +5,democrat,ossoffj,georgia,2021-05-09T20:05:54.175111Z
13165,Jenkins,3400,2518,5,5,Other,98,3455,98%,98% reported,edison,10,unknown,,2806,,,2155,1194,51,,1576,913,29,,2021-03-06T23:21:40Z,28.26471,R+28,Perdue +28,republican,perdued,georgia,2021-05-09T20:05:54.175111Z
13167,Johnson,4034,3054,4,4,Released as a precinct as first report of the night,98,4100,98%,98% reported,edison,10,unknown,,3190,,,2801,1158,75,0,2047,948,59,0,2021-03-06T23:21:49Z,40.72881,R+41,Perdue +41,republican,perdued,georgia,2021-05-09T20:05:54.175111Z
13169,Jones,14842,10938,10,10,Merged into voters' home precincts AFTER election night,99,14940,99%,99% reported,edison,10,unknown,,10683,,,9854,4687,301,0,6896,3850,192,0,2021-03-07T03:07:42Z,34.81337,R+35,Perdue +35,republican,perdued,georgia,2021-05-09T20:05:54.175111Z
13171,Lamar,8988,6719,6,6,None,99,9045,99%,99% reported,edison,10,all,,6784,,,6280,2511,197,,4559,2037,123,,2020-12-04T23:43:32Z,41.93369,R+42,Perdue +42,republican,perdued,georgia,2021-05-09T20:05:54.175111Z
13173,Lanier,3519,2831,1,1,Released separately AFTER election night,98,3576,98%,98% reported,edison,10,unknown,,2618,,,2481,944,94,,2012,757,62,,2020-12-04T23:43:50Z,43.67718,R+44,Perdue +44,republican,perdued,georgia,2021-05-09T20:05:54.175111Z
13175,Laurens,22474,14914,16,16,Released as a precinct at the end of tabulation,99,22732,99%,99% reported,edison,10,all,,14083,,,14363,7698,413,0,8764,5887,263,0,2021-01-13T17:08:59Z,29.65649,R+30,Perdue +30,republican,perdued,georgia,2021-05-09T20:05:54.175111Z
13177,Lee,16559,12573,10,10,Merged into voters' home precincts and released with cumulative results,99,16719,99%,99% reported,edison,10,unknown,,10498,,,11862,4424,273,0,8869,3533,171,0,2021-03-07T03:07:52Z,44.91817,R+45,Perdue +45,republican,perdued,georgia,2021-05-09T20:05:54.175111Z
13179,Liberty,21091,17631,13,13,Released as a precinct as first report of the night,99,21394,99%,99% reported,edison,10,unknown,,15842,,,7743,12738,610,,6116,11067,448,,2020-12-04T23:46:47Z,23.68309,D+24,Ossoff +24,democrat,ossoffj,georgia,2021-05-09T20:05:54.175111Z
13181,Lincoln,4593,3414,7,7,Released as a precinct as first report of the night,99,4641,99%,99% reported,edison,10,unknown,,4384,,,3139,1371,83,0,2237,1116,61,0,2021-03-06T23:21:56Z,38.49336,R+38,Perdue +38,republican,perdued,georgia,2021-05-09T20:05:54.175111Z
13183,Long,5581,4043,7,7,Released as a precinct as first report of the night,99,5660,99%,99% reported,edison,10,unknown,,2792,,,3389,2029,163,,2312,1631,100,,2021-01-13T14:24:05Z,24.36839,R+24,Perdue +24,republican,perdued,georgia,2021-05-09T20:05:54.175111Z
13185,Lowndes,45772,36978,13,13,Merged into voters' home precincts and released with cumulative results,99,46375,99%,99% reported,edison,10,unknown,,37909,,,25620,19124,1028,,20160,16096,722,,2021-01-13T16:52:29Z,14.19208,R+14,Perdue +14,republican,perdued,georgia,2021-05-09T20:05:54.175111Z
13187,Lumpkin,15363,12964,1,1,Merged into voters' home precincts and released with cumulative results,99,15545,99%,99% reported,edison,10,unknown,,9491,,,11941,2926,496,,9967,2623,374,,2021-01-13T14:24:22Z,58.67995,R+59,Perdue +59,republican,perdued,georgia,2021-05-09T20:05:54.175111Z
13193,Macon,4593,3554,5,5,Other,98,4663,98%,98% reported,edison,10,unknown,,4178,,,1787,2727,79,0,1439,2058,57,0,2021-03-06T23:22:10Z,20.46593,D+20,Ossoff +20,democrat,ossoffj,georgia,2021-05-09T20:05:54.175111Z
13195,Madison,14798,10499,12,12,Other,99,14945,99%,99% reported,edison,10,unknown,,8483,,,11136,3303,359,0,7699,2581,219,0,2021-03-07T03:08:02Z,52.93283,R+53,Perdue +53,republican,perdued,georgia,2021-05-09T20:05:54.175111Z
13197,Marion,3599,2611,5,5,Merged into voters' home precincts AFTER election night,99,3626,99%,99% reported,edison,10,unknown,,2134,,,2248,1267,84,0,1524,1035,52,0,2021-03-06T23:22:18Z,27.25757,R+27,Perdue +27,republican,perdued,georgia,2021-05-09T20:05:54.175111Z
13189,McDuffie,10370,8908,9,9,Released as a separate subtotal as first report of the night,99,10456,99%,99% reported,edison,10,unknown,,8941,,,6198,3968,204,,5357,3394,157,,2021-01-13T14:24:54Z,21.50434,R+22,Perdue +22,republican,perdued,georgia,2021-05-09T20:05:54.175111Z
13191,McIntosh,6602,5326,6,6,Merged into voters' home precincts and released with cumulative results,99,6696,99%,99% reported,edison,10,unknown,,6114,,,3967,2498,137,,3166,2074,86,,2020-12-04T23:51:24Z,22.25083,R+22,Perdue +22,republican,perdued,georgia,2021-05-09T20:05:54.175111Z
13199,Meriwether,10778,7336,14,14,Released as a precinct as first report of the night,99,10880,99%,99% reported,edison,10,unknown,,5128,,,6432,4135,195,16,4266,2953,117,0,2021-01-13T14:25:04Z,21.31193,R+21,Perdue +21,republican,perdued,georgia,2021-05-09T20:05:54.175111Z
13201,Miller,2781,2074,1,1,Released as a separate subtotal in the middle of the tabulation,98,2834,98%,98% reported,edison,10,unknown,,2251,,,2047,687,47,,1520,521,33,,2020-12-04T23:52:53Z,48.90327,R+49,Perdue +49,republican,perdued,georgia,2021-05-09T20:05:54.175111Z
13205,Mitchell,8871,6488,11,11,Other,99,8963,99%,99% reported,edison,10,unknown,,6909,,,4921,3832,118,,3380,3033,75,,2021-01-13T16:50:51Z,12.27596,R+12,Perdue +12,republican,perdued,georgia,2021-05-09T20:05:54.175111Z
13207,Monroe,15428,11602,14,14,Released as a separate subtotal as first report of the night,99,15592,99%,99% reported,edison,10,unknown,,9966,,,10929,4205,294,,7918,3502,182,,2021-01-13T14:25:21Z,43.5831,R+44,Perdue +44,republican,perdued,georgia,2021-05-09T20:05:54.175111Z
13209,Montgomery,3920,2554,7,7,"As a subtotal in the FIRST cumulative report, along with regular precincts",99,3968,99%,99% reported,edison,10,all,,2408,,,2927,931,62,,1842,680,32,,2021-03-07T03:08:14Z,50.91837,R+51,Perdue +51,republican,perdued,georgia,2021-05-09T20:05:54.175111Z
13211,Morgan,11627,9221,7,7,Merged into voters' home precincts and released with cumulative results,99,11710,99%,99% reported,edison,10,all,,7670,,,8259,3151,217,,6380,2683,158,,2021-01-13T14:25:42Z,43.93223,R+44,Perdue +44,republican,perdued,georgia,2021-05-09T20:05:54.175111Z
13213,Murray,15151,10721,7,7,Merged into voters' home precincts and released with cumulative results,98,15395,98%,98% reported,edison,10,unknown,,6982,,,12493,2296,362,0,8737,1727,257,0,2021-03-07T03:08:26Z,67.30249,R+67,Perdue +67,republican,perdued,georgia,2021-05-09T20:05:54.175111Z
13215,Muscogee,79550,66126,25,25,Merged into voters' home precincts and released with cumulative results,99,80528,99%,99% reported,edison,10,unknown,,59253,,,30226,47552,1772,,23791,41026,1309,,2021-03-06T23:22:29Z,21.78001,D+22,Ossoff +22,democrat,ossoffj,georgia,2021-05-09T20:05:54.175111Z
13217,Newton,53778,35830,22,22,None,99,54263,99%,99% reported,edison,10,unknown,,40739,,,23408,29220,1150,,12721,22444,665,,2021-01-13T14:26:39Z,10.80739,D+11,Ossoff +11,democrat,ossoffj,georgia,2021-05-09T20:05:54.175111Z
13219,Oconee,25142,21603,12,12,Merged into voters' home precincts and released with cumulative results,100,25193,100%,100% reported,edison,10,unknown,,16322,,,17108,7465,569,,14388,6805,410,,2021-01-13T14:26:53Z,38.35415,R+38,Perdue +38,republican,perdued,georgia,2021-05-09T20:05:54.175111Z
13221,Oglethorpe,8057,6556,3,3,Merged into voters' home precincts and released with cumulative results,99,8138,99%,99% reported,edison,10,some,,4622,,,5500,2323,234,,4452,1916,188,,2021-01-13T14:27:03Z,39.43155,R+39,Perdue +39,republican,perdued,georgia,2021-05-09T20:05:54.175111Z
13223,Paulding,84548,70685,19,19,Released as a precinct as first report of the night,99,85417,99%,99% reported,edison,10,unknown,,61685,,,53485,28755,2308,,44010,24975,1700,,2021-01-13T14:27:55Z,29.24966,R+29,Perdue +29,republican,perdued,georgia,2021-05-09T20:05:54.175111Z
13225,Peach,12432,10610,7,7,Other,99,12554,99%,99% reported,edison,10,some,,12557,,,6483,5702,247,,5517,4897,196,,2021-03-07T03:10:49Z,6.28218,R+6,Perdue +6,republican,perdued,georgia,2021-05-09T20:05:54.175111Z
13227,Pickens,16969,10216,12,12,"As a precinct in the FIRST cumulative report, along with regular precincts",99,17172,99%,99% reported,edison,10,unknown,,10978,,,13860,2678,431,,7985,2023,208,,2021-03-06T23:22:42Z,65.89664,R+66,Perdue +66,republican,perdued,georgia,2021-05-09T20:05:54.175111Z
13229,Pierce,8941,7605,8,8,Released as a separate subtotal as first report of the night,99,9048,99%,99% reported,edison,10,some,,6190,,,7810,1002,129,,6626,878,101,,2021-01-13T14:28:20Z,76.14361,R+76,Perdue +76,republican,perdued,georgia,2021-05-09T20:05:54.175111Z
13231,Pike,10649,7999,8,8,Released as a precinct at the end of tabulation,99,10721,99%,99% reported,edison,10,some,,7038,,,9045,1430,174,,6727,1158,114,,2021-01-13T14:28:31Z,71.50906,R+72,Perdue +72,republican,perdued,georgia,2021-05-09T20:05:54.175111Z
13233,Polk,17235,13728,7,7,Released as a precinct as first report of the night,99,17399,99%,99% reported,edison,10,unknown,,13243,,,13282,3537,416,,10507,2918,303,,2021-01-13T14:28:48Z,56.54192,R+57,Perdue +57,republican,perdued,georgia,2021-05-09T20:05:54.175111Z
13235,Pulaski,4005,3503,1,1,None,98,4081,98%,98% reported,edison,10,some,,3709,,,2787,1139,79,,2455,986,62,,2020-12-04T23:51:01Z,41.14856,R+41,Perdue +41,republican,perdued,georgia,2021-05-09T20:05:54.175111Z
13237,Putnam,11767,9713,5,5,"As a precinct in the FIRST cumulative report, along with regular precincts",99,11857,99%,99% reported,edison,10,some,,8776,,,8279,3299,189,,6742,2838,133,,2021-01-13T14:29:10Z,42.32175,R+42,Perdue +42,republican,perdued,georgia,2021-05-09T20:05:54.175111Z
13239,Quitman,1086,762,2,2,None,98,1106,98%,98% reported,edison,10,some,,990,,,600,470,15,1,442,313,7,0,2020-12-04T23:51:05Z,11.97053,R+12,Perdue +12,republican,perdued,georgia,2021-05-09T20:05:54.175111Z
13241,Rabun,9472,8051,1,1,Released as a precinct at the end of tabulation,99,9574,99%,99% reported,edison,10,unknown,,9325,,,7392,1825,255,,6225,1637,189,,2021-01-13T14:29:19Z,58.77323,R+59,Perdue +59,republican,perdued,georgia,2021-05-09T20:05:54.175111Z
13243,Randolph,3041,2313,6,6,Other,99,3073,99%,99% reported,edison,10,all,,2326,,,1404,1606,31,,1083,1208,22,,2021-03-07T03:08:39Z,6.64255,D+7,Ossoff +7,democrat,ossoffj,georgia,2021-05-09T20:05:54.175111Z
13245,Richmond,85968,64967,68,68,None,99,87077,99%,99% reported,edison,10,some,,59720,,,27052,56786,2130,,18493,45053,1421,,2021-03-07T03:08:49Z,34.58729,D+35,Ossoff +35,democrat,ossoffj,georgia,2021-05-09T20:05:54.175111Z
13247,Rockdale,44263,38020,16,16,Released as a precinct as first report of the night,99,44699,99%,99% reported,edison,10,unknown,,42981,,,12716,30641,906,,10284,27047,689,,2021-01-13T14:29:42Z,40.49658,D+40,Ossoff +40,democrat,ossoffj,georgia,2021-05-09T20:05:54.175111Z
13249,Schley,2256,1882,1,1,Released as a precinct as first report of the night,99,2275,99%,99% reported,edison,10,unknown,,1795,,,1783,439,34,,1479,376,27,,2020-11-24T13:26:16Z,59.57447,R+60,Perdue +60,republican,perdued,georgia,2021-05-09T20:05:54.175111Z
13251,Screven,6547,4657,12,12,Other,99,6629,99%,99% reported,edison,10,unknown,,4550,,,3893,2589,65,,2641,1980,36,,2021-01-13T14:29:51Z,19.91752,R+20,Perdue +20,republican,perdued,georgia,2021-05-09T20:05:54.175111Z
13253,Seminole,3838,2592,5,5,Other,99,3888,99%,99% reported,edison,10,unknown,,2571,,,2597,1187,54,0,1663,896,33,0,2021-03-06T23:22:56Z,36.73788,R+37,Perdue +37,republican,perdued,georgia,2021-05-09T20:05:54.175111Z
13255,Spalding,29764,20959,18,18,None,98,30219,98%,98% reported,edison,10,unknown,,23630,,,17768,11355,641,0,12129,8451,379,0,2021-03-07T03:08:57Z,21.54616,R+22,Perdue +22,republican,perdued,georgia,2021-05-09T20:05:54.175111Z
13257,Stephens,11768,10217,1,1,Released as a separate subtotal as first report of the night,99,11885,99%,99% reported,edison,10,unknown,,9197,,,9353,2187,228,,8145,1898,174,,2020-12-04T23:47:52Z,60.89395,R+61,Perdue +61,republican,perdued,georgia,2021-05-09T20:05:54.175111Z
13259,Stewart,1953,1421,4,4,None,98,1990,98%,98% reported,edison,10,unknown,,1402,,,803,1115,35,0,573,826,22,0,2021-03-06T23:23:07Z,15.97542,D+16,Ossoff +16,democrat,ossoffj,georgia,2021-05-09T20:05:54.175111Z
13261,Sumter,12022,9323,11,11,Merged into voters' home precincts and released with cumulative results,99,12150,99%,99% reported,edison,10,some,,10757,,,5743,6114,165,,4221,4986,116,,2021-01-13T16:51:28Z,3.08601,D+3,Ossoff +3,democrat,ossoffj,georgia,2021-05-09T20:05:54.175111Z
13263,Talbot,3450,2438,7,7,Merged into voters' home precincts and released with cumulative results,98,3524,98%,98% reported,edison,10,unknown,,2304,,,1386,2013,51,,920,1485,33,,2021-01-13T14:30:24Z,18.17391,D+18,Ossoff +18,democrat,ossoffj,georgia,2021-05-09T20:05:54.175111Z
13265,Taliaferro,902,704,2,2,None,97,928,97%,97% reported,edison,10,unknown,,946,,,366,521,15,,267,424,13,,2020-12-04T23:49:47Z,17.18404,D+17,Ossoff +17,democrat,ossoffj,georgia,2021-05-09T20:05:54.175111Z
13267,Tattnall,8091,6130,8,8,Other,99,8187,99%,99% reported,edison,10,unknown,,5459,,,5954,1978,159,,4462,1566,102,,2021-01-13T14:30:32Z,49.14102,R+49,Perdue +49,republican,perdued,georgia,2021-05-09T20:05:54.175111Z
13269,Taylor,3792,3147,3,3,Released as a separate subtotal as first report of the night,99,3842,99%,99% reported,edison,10,unknown,,2794,,,2399,1312,81,,2041,1037,69,,2020-12-04T23:46:39Z,28.66561,R+29,Perdue +29,republican,perdued,georgia,2021-05-09T20:05:54.175111Z
13271,Telfair,4255,2979,6,6,None,98,4335,98%,98% reported,edison,10,unknown,,2662,,,2751,1435,69,,1817,1119,43,,2021-03-07T03:09:06Z,30.92832,R+31,Perdue +31,republican,perdued,georgia,2021-05-09T20:05:54.175111Z
13273,Terrell,4375,3133,6,6,Merged into voters' home precincts and released with cumulative results,99,4416,99%,99% reported,edison,10,unknown,,3389,,,2040,2277,58,0,1365,1728,40,0,2021-03-06T23:23:24Z,5.41714,D+5,Ossoff +5,democrat,ossoffj,georgia,2021-05-09T20:05:54.175111Z
13275,Thomas,21600,17362,20,20,None,99,21877,99%,99% reported,edison,10,unknown,,17408,,,13020,8158,422,,10311,6767,284,,2021-01-13T16:52:48Z,22.50926,R+23,Perdue +23,republican,perdued,georgia,2021-05-09T20:05:54.175111Z
13277,Tift,16092,12206,12,12,Released as a precinct as first report of the night,99,16280,99%,99% reported,edison,10,all,,12083,,,10814,4956,305,17,8100,3894,199,13,2021-03-07T03:09:17Z,36.40318,R+36,Perdue +36,republican,perdued,georgia,2021-05-09T20:05:54.175111Z
13279,Toombs,10798,8393,5,5,Released as a precinct as first report of the night,99,10914,99%,99% reported,edison,10,unknown,,6590,,,7793,2832,173,,6011,2252,130,,2020-12-04T23:37:45Z,45.94369,R+46,Perdue +46,republican,perdued,georgia,2021-05-09T20:05:54.175111Z
13281,Towns,7888,6767,3,3,None,99,7979,99%,99% reported,edison,10,unknown,,7256,,,6291,1451,146,,5328,1327,112,,2020-12-04T23:48:56Z,61.35903,R+61,Perdue +61,republican,perdued,georgia,2021-05-09T20:05:54.175111Z
13283,Treutlen,3023,2481,2,2,Released with cumulative results periodically election night,98,3077,98%,98% reported,edison,10,unknown,,2098,,,2078,893,52,,1673,774,34,,2020-12-04T23:48:35Z,39.19947,R+39,Perdue +39,republican,perdued,georgia,2021-05-09T20:05:54.175111Z
13285,Troup,29809,22146,14,14,None,99,30057,99%,99% reported,edison,10,unknown,,20235,,,18162,11111,536,0,13462,8356,328,0,2021-01-13T14:31:26Z,23.65393,R+24,Perdue +24,republican,perdued,georgia,2021-05-09T20:05:54.175111Z
13287,Turner,3741,3031,3,3,None,99,3791,99%,99% reported,edison,10,all,,3227,,,2334,1345,62,,1967,1022,42,,2020-12-04T23:39:44Z,26.43678,R+26,Perdue +26,republican,perdued,georgia,2021-05-09T20:05:54.175111Z
13289,Twiggs,4381,3106,5,5,Released as a precinct as first report of the night,99,4444,99%,99% reported,edison,10,unknown,,2886,,,2313,1981,87,0,1506,1548,52,0,2021-03-06T23:23:36Z,7.57818,R+8,Perdue +8,republican,perdued,georgia,2021-05-09T20:05:54.175111Z
13291,Union,15378,11646,11,11,Merged into voters' home precincts AFTER election night,99,15562,99%,99% reported,edison,10,all,,11110,,,12423,2616,339,,9085,2324,237,,2021-01-13T14:31:41Z,63.77292,R+64,Perdue +64,republican,perdued,georgia,2021-05-09T20:05:54.175111Z
13293,Upson,12784,10754,4,4,None,99,12907,99%,99% reported,edison,10,unknown,,9845,,,8568,4000,216,,7208,3384,162,,2021-01-13T14:31:52Z,35.73217,R+36,Perdue +36,republican,perdued,georgia,2021-05-09T20:05:54.175111Z
13295,Walker,28999,22301,11,11,Released as a precinct as first report of the night,99,29374,99%,99% reported,edison,10,unknown,,18011,,,22650,5435,883,31,17220,4478,580,23,2021-03-07T03:09:29Z,59.36412,R+59,Perdue +59,republican,perdued,georgia,2021-05-09T20:05:54.175111Z
13297,Walton,50738,39190,21,21,Other,99,51098,99%,99% reported,edison,10,unknown,,26750,,,37399,12146,1193,,28356,10039,795,,2021-01-13T14:32:27Z,49.77137,R+50,Perdue +50,republican,perdued,georgia,2021-05-09T20:05:54.175111Z
13299,Ware,13979,10920,12,12,Other,99,14189,99%,99% reported,edison,10,unknown,,9136,,,9773,3937,269,0,7295,3437,188,0,2020-12-04T23:42:05Z,41.74834,R+42,Perdue +42,republican,perdued,georgia,2021-05-09T20:05:54.175111Z
13301,Warren,2614,2150,1,1,Other,99,2650,99%,99% reported,edison,10,unknown,,1914,,,1161,1407,46,0,982,1133,35,0,2020-12-04T23:42:18Z,9.41086,D+9,Ossoff +9,democrat,ossoffj,georgia,2021-05-09T20:05:54.175111Z
13303,Washington,9279,6731,8,8,None,98,9480,98%,98% reported,edison,10,unknown,,6994,,,4630,4477,172,,3171,3451,109,,2021-01-13T14:32:37Z,1.64888,R+1.6,Perdue +1.6,republican,perdued,georgia,2021-05-09T20:05:54.175111Z
13305,Wayne,12633,9664,12,12,None,99,12782,99%,99% reported,edison,10,unknown,,8427,,,9734,2655,244,0,7302,2187,175,0,2021-03-07T03:09:42Z,56.03578,R+56,Perdue +56,republican,perdued,georgia,2021-05-09T20:05:54.175111Z
13307,Webster,1372,1093,1,1,Released as a precinct as first report of the night,99,1391,99%,99% reported,edison,10,unknown,,994,,,736,626,10,,600,485,8,,2020-12-04T23:43:21Z,8.01749,R+8,Perdue +8,republican,perdued,georgia,2021-05-09T20:05:54.175111Z
13309,Wheeler,2258,1620,2,2,None,99,2285,99%,99% reported,edison,10,unknown,,293,,,1562,657,35,4,1118,476,26,0,2020-12-04T23:48:08Z,40.07972,R+40,Perdue +40,republican,perdued,georgia,2021-05-09T20:05:54.175111Z
13311,White,14716,10815,11,11,Released as a precinct at the end of tabulation,99,14831,99%,99% reported,edison,10,all,,8221,,,12072,2273,371,,8680,1894,241,,2021-01-13T14:32:56Z,66.58739,R+67,Perdue +67,republican,perdued,georgia,2021-05-09T20:05:54.175111Z
13313,Whitfield,36297,24356,23,23,None,99,36766,99%,99% reported,edison,10,unknown,,18126,,,25158,10177,962,,16401,7392,563,,2020-12-04T23:44:10Z,41.27338,R+41,Perdue +41,republican,perdued,georgia,2021-05-09T20:05:54.175111Z
13315,Wilcox,3230,2205,6,6,None,99,3279,99%,99% reported,edison,10,unknown,,2054,,,2369,805,56,0,1641,527,37,0,2020-12-04T23:44:32Z,48.42105,R+48,Perdue +48,republican,perdued,georgia,2021-05-09T20:05:54.175111Z
13317,Wilkes,4951,3726,7,7,None,98,5031,98%,98% reported,edison,10,unknown,,3725,,,2810,2057,78,6,2102,1572,52,0,2021-03-07T03:09:52Z,15.20905,R+15,Perdue +15,republican,perdued,georgia,2021-05-09T20:05:54.175111Z
13319,Wilkinson,4704,2874,9,9,Released as a separate subtotal as first report of the night,99,4770,99%,99% reported,edison,10,unknown,,2746,,,2608,2017,79,0,1338,1489,47,0,2020-12-04T23:45:06Z,12.56378,R+13,Perdue +13,republican,perdued,georgia,2021-05-09T20:05:54.175111Z
13321,Worth,9210,5845,15,15,None,99,9285,99%,99% reported,edison,10,unknown,,5098,,,6726,2327,157,0,3997,1747,101,0,2020-12-04T23:47:49Z,47.7633,R+48,Perdue +48,republican,perdued,georgia,2021-05-09T20:05:54.175111Z
