fips,name,votes,absentee_votes,reporting,precincts,absentee_method,eevp,tot_exp_vote,eevp_value,eevp_display,eevp_source,turnout_stage,absentee_count_progress,absentee_outstanding,absentee_max_ballots,provisional_outstanding,provisional_count_progress,results_durbinr,results_curranm,results_maloufd,results_wilsonw,results_blackd,results_write_ins,results_absentee_durbinr,results_absentee_curranm,results_absentee_maloufd,results_absentee_wilsonw,results_absentee_blackd,results_absentee_write_ins,last_updated,leader_margin_value,leader_margin_display,leader_margin_name_display,leader_party_id,leader_key,state,retrieved_time
17001,Adams,33264,18879,74,74,Released as a separate subtotal at the end of tabulation,99,33527,99%,99% reported,edison,10,some,,8885,,,8835,23625,393,246,165,0,6354,12115,194,119,97,0,2021-01-26T19:13:08Z,44.46248,R+44,Curran +44,republican,curranm,illinois,2021-04-29T13:39:24.072007Z
17003,Alexander,2550,0,11,11,None,97,2618,97%,97% reported,edison,10,unknown,,1150,,,1218,1284,23,18,7,0,0,0,0,0,0,0,2020-12-16T21:34:08Z,2.58824,R+3,Curran +3,republican,curranm,illinois,2021-04-29T13:39:24.072007Z
17005,Bond,8054,0,25,25,Released as a precinct at the end of tabulation,99,8145,99%,99% reported,edison,10,unknown,,2398,,,2714,5061,154,61,64,0,0,0,0,0,0,0,2021-01-26T19:07:13Z,29.1408,R+29,Curran +29,republican,curranm,illinois,2021-04-29T13:39:24.072007Z
17007,Boone,24662,0,38,38,Other,99,24979,99%,99% reported,edison,10,unknown,,4522,,,10090,13579,411,328,254,0,0,0,0,0,0,0,2021-01-26T19:07:17Z,14.14727,R+14,Curran +14,republican,curranm,illinois,2021-04-29T13:39:24.072007Z
17009,Brown,2487,0,14,14,None,99,2521,99%,99% reported,edison,10,unknown,,594,,,635,1787,33,16,16,0,0,0,0,0,0,0,2021-01-26T19:13:15Z,46.32087,R+46,Curran +46,republican,curranm,illinois,2021-04-29T13:39:24.072007Z
17011,Bureau,17241,7344,50,50,Merged into voters' home precincts and released with cumulative results,99,17434,99%,99% reported,edison,10,some,,3786,,,7079,9487,259,289,127,0,3923,3247,72,62,40,0,2021-01-26T19:18:06Z,13.96671,R+14,Curran +14,republican,curranm,illinois,2021-04-29T13:39:24.072007Z
17013,Calhoun,2692,0,7,7,Other,97,2772,97%,97% reported,edison,10,all,,710,,,930,1697,30,17,18,0,0,0,0,0,0,0,2021-01-04T15:02:35Z,28.49183,R+28,Curran +28,republican,curranm,illinois,2021-04-29T13:39:24.072007Z
17015,Carroll,7914,0,22,22,Merged into voters' home precincts and released with cumulative results,99,8024,99%,99% reported,edison,10,unknown,,1638,,,2835,4840,107,91,41,0,0,0,0,0,0,0,2021-01-26T19:13:22Z,25.33485,R+25,Curran +25,republican,curranm,illinois,2021-04-29T13:39:24.072007Z
17017,Cass,5231,0,21,21,Other,98,5317,98%,98% reported,edison,10,some,,1222,,,1862,3260,47,28,34,0,0,0,0,0,0,0,2021-01-26T19:13:28Z,26.72529,R+27,Curran +27,republican,curranm,illinois,2021-04-29T13:39:24.072007Z
17019,Champaign,94771,66567,118,118,None,100,95142,100%,100% reported,edison,10,unknown,,23782,,,55220,35276,1547,1485,1243,0,43440,20446,873,941,867,0,2021-01-26T19:13:34Z,21.04441,D+21,Durbin +21,democrat,durbinr,illinois,2021-04-29T13:39:24.072007Z
17021,Christian,15972,0,30,30,Merged into voters' home precincts and released with cumulative results,99,16204,99%,99% reported,edison,10,unknown,,3022,,,4874,10515,219,228,136,0,0,0,0,0,0,0,2021-01-26T19:13:40Z,35.31806,R+35,Curran +35,republican,curranm,illinois,2021-04-29T13:39:24.072007Z
17023,Clark,8248,0,23,23,Released as a separate subtotal in the middle of the tabulation,99,8356,99%,99% reported,edison,10,unknown,,2598,,,2082,5939,107,68,52,0,0,0,0,0,0,0,2021-01-26T19:13:47Z,46.76285,R+47,Curran +47,republican,curranm,illinois,2021-04-29T13:39:24.072007Z
17025,Clay,6702,0,22,22,Merged into voters' home precincts and released with cumulative results,97,6886,97%,97% reported,edison,10,some,,965,,,1295,5254,78,37,38,0,0,0,0,0,0,0,2021-01-26T19:13:52Z,59.07192,R+59,Curran +59,republican,curranm,illinois,2021-04-29T13:39:24.072007Z
17027,Clinton,18990,0,40,40,Released as a precinct at the end of tabulation,99,19170,99%,99% reported,edison,10,unknown,,3803,,,5329,13162,279,114,106,0,0,0,0,0,0,0,2021-01-26T19:13:58Z,41.24803,R+41,Curran +41,republican,curranm,illinois,2021-04-29T13:39:24.072007Z
17029,Coles,22329,0,44,44,None,99,22606,99%,99% reported,edison,10,unknown,,6758,,,8138,13379,308,265,239,0,0,0,0,0,0,0,2021-01-26T19:14:04Z,23.47172,R+23,Curran +23,republican,curranm,illinois,2021-04-29T13:39:24.072007Z
17031,Cook,2289760,0,3668,3668,None,98,2325405,98%,98% reported,edison,10,some,,823434,,,1574685,499034,22694,168295,25041,11,0,0,0,0,0,0,2021-01-26T19:12:51Z,46.97658,D+47,Durbin +47,democrat,durbinr,illinois,2021-04-29T13:39:24.072007Z
17033,Crawford,9317,0,24,24,None,99,9425,99%,99% reported,edison,10,some,,2307,,,2384,6684,122,77,50,0,0,0,0,0,0,0,2021-01-26T19:14:09Z,46.15219,R+46,Curran +46,republican,curranm,illinois,2021-04-29T13:39:24.072007Z
17035,Cumberland,5774,0,12,12,Released as a separate subtotal at the end of tabulation,99,5832,99%,99% reported,edison,10,unknown,,741,,,1357,4248,77,56,36,0,0,0,0,0,0,0,2021-01-26T19:14:13Z,50.06928,R+50,Curran +50,republican,curranm,illinois,2021-04-29T13:39:24.072007Z
17037,DeKalb,47476,0,65,65,None,99,47825,99%,99% reported,edison,10,unknown,,11174,,,23423,21198,911,1348,596,0,0,0,0,0,0,0,2021-01-26T19:14:19Z,4.68658,D+5,Durbin +5,democrat,durbinr,illinois,2021-04-29T13:39:24.072007Z
17039,DeWitt,7900,0,23,23,Merged into voters' home precincts AFTER election night,98,8024,98%,98% reported,edison,10,unknown,,1771,,,2451,5140,171,70,68,0,0,0,0,0,0,0,2021-01-26T19:14:23Z,34.03797,R+34,Curran +34,republican,curranm,illinois,2021-04-29T13:39:24.072007Z
17041,Douglas,8629,0,17,17,Merged into voters' home precincts and released with cumulative results,99,8738,99%,99% reported,edison,10,unknown,,1744,,,2494,5864,112,76,83,0,0,0,0,0,0,0,2021-01-26T19:14:29Z,39.05435,R+39,Curran +39,republican,curranm,illinois,2021-04-29T13:39:24.072007Z
17043,DuPage,483771,0,930,930,Merged into voters' home precincts and released with cumulative results,100,485104,100%,100% reported,edison,10,unknown,,159736,,,264921,196759,5714,12241,4134,2,0,0,0,0,0,0,2021-01-26T19:39:22Z,14.08972,D+14,Durbin +14,democrat,durbinr,illinois,2021-04-29T13:39:24.072007Z
17045,Edgar,8057,0,31,31,Merged into voters' home precincts and released with cumulative results,98,8196,98%,98% reported,edison,10,unknown,,2528,,,2247,5568,100,73,69,0,0,0,0,0,0,0,2021-01-26T19:14:38Z,41.21882,R+41,Curran +41,republican,curranm,illinois,2021-04-29T13:39:24.072007Z
17047,Edwards,3272,0,12,12,Merged into voters' home precincts and released with cumulative results,97,3366,97%,97% reported,edison,10,unknown,,874,,,556,2658,30,19,9,0,0,0,0,0,0,0,2021-01-26T19:14:44Z,64.24205,R+64,Curran +64,republican,curranm,illinois,2021-04-29T13:39:24.072007Z
17049,Effingham,18813,0,37,37,Merged into voters' home precincts and released with cumulative results,99,19049,99%,99% reported,edison,10,unknown,,5338,,,4128,14272,213,116,84,0,0,0,0,0,0,0,2021-01-26T19:14:50Z,53.92016,R+54,Curran +54,republican,curranm,illinois,2021-04-29T13:39:24.072007Z
17051,Fayette,9930,0,28,28,Merged into voters' home precincts and released with cumulative results,99,10056,99%,99% reported,edison,10,some,,1970,,,2113,7589,117,45,66,0,0,0,0,0,0,0,2021-01-26T19:14:57Z,55.14602,R+55,Curran +55,republican,curranm,illinois,2021-04-29T13:39:24.072007Z
17053,Ford,6876,0,22,22,Merged into voters' home precincts and released with cumulative results,99,6953,99%,99% reported,edison,10,unknown,,1058,,,1765,4872,87,91,61,0,0,0,0,0,0,0,2021-01-26T19:15:04Z,45.18615,R+45,Curran +45,republican,curranm,illinois,2021-04-29T13:39:24.072007Z
17055,Franklin,18344,0,35,35,None,98,18626,98%,98% reported,edison,10,some,,3605,,,5810,12118,182,107,127,0,0,0,0,0,0,0,2021-01-26T19:15:11Z,34.38727,R+34,Curran +34,republican,curranm,illinois,2021-04-29T13:39:24.072007Z
17057,Fulton,16467,0,57,57,Merged into voters' home precincts and released with cumulative results,99,16678,99%,99% reported,edison,10,unknown,,2166,,,7109,8799,252,154,153,0,0,0,0,0,0,0,2021-01-26T19:15:18Z,10.26295,R+10,Curran +10,republican,curranm,illinois,2021-04-29T13:39:24.072007Z
17059,Gallatin,2539,249,11,11,Merged into voters' home precincts and released with cumulative results,95,2674,95%,95% reported,edison,10,unknown,,1011,,,829,1642,23,29,16,0,92,152,0,1,4,0,2021-01-26T19:07:27Z,32.02048,R+32,Curran +32,republican,curranm,illinois,2021-04-29T13:39:24.072007Z
17061,Greene,6053,0,22,22,Merged into voters' home precincts and released with cumulative results,97,6227,97%,97% reported,edison,10,unknown,,1365,,,1702,4169,68,49,65,0,0,0,0,0,0,0,2021-01-26T19:15:25Z,40.75665,R+41,Curran +41,republican,curranm,illinois,2021-04-29T13:39:24.072007Z
17063,Grundy,26299,0,40,40,Merged into voters' home precincts and released with cumulative results,99,26691,99%,99% reported,edison,10,unknown,,5610,,,9766,15005,383,887,258,0,0,0,0,0,0,0,2021-01-07T18:20:36Z,19.92091,R+20,Curran +20,republican,curranm,illinois,2021-04-29T13:39:24.072007Z
17065,Hamilton,4158,0,16,16,None,96,4315,96%,96% reported,edison,10,unknown,,1330,,,1112,2931,56,26,33,0,0,0,0,0,0,0,2021-01-26T19:15:32Z,43.74699,R+44,Curran +44,republican,curranm,illinois,2021-04-29T13:39:24.072007Z
17067,Hancock,9232,0,33,33,None,98,9383,98%,98% reported,edison,10,unknown,,1187,,,2516,6484,131,49,52,0,0,0,0,0,0,0,2021-01-26T19:15:46Z,42.98094,R+43,Curran +43,republican,curranm,illinois,2021-04-29T13:39:24.072007Z
17069,Hardin,2073,0,6,6,Merged into voters' home precincts and released with cumulative results,96,2162,96%,96% reported,edison,10,unknown,,1520,,,591,1431,18,11,22,0,0,0,0,0,0,0,2021-01-26T19:15:56Z,40.52098,R+41,Curran +41,republican,curranm,illinois,2021-04-29T13:39:24.072007Z
17071,Henderson,3566,0,13,13,Merged into voters' home precincts and released with cumulative results,98,3647,98%,98% reported,edison,10,unknown,,675,,,1299,2178,41,28,20,0,0,0,0,0,0,0,2021-01-26T19:16:01Z,24.64947,R+25,Curran +25,republican,curranm,illinois,2021-04-29T13:39:24.072007Z
17073,Henry,25276,0,52,52,Merged into voters' home precincts and released with cumulative results,99,25635,99%,99% reported,edison,10,unknown,,4688,,,10004,14555,353,213,151,0,0,0,0,0,0,0,2021-01-26T19:16:06Z,18.00522,R+18,Curran +18,republican,curranm,illinois,2021-04-29T13:39:24.072007Z
17075,Iroquois,13856,0,37,37,Other,99,14025,99%,99% reported,edison,10,unknown,,3459,,,3075,10249,153,275,104,0,0,0,0,0,0,0,2021-01-26T19:16:11Z,51.7754,R+52,Curran +52,republican,curranm,illinois,2021-04-29T13:39:24.072007Z
17077,Jackson,22434,0,56,56,Merged into voters' home precincts and released with cumulative results,99,22643,99%,99% reported,edison,10,unknown,,6498,,,11338,10291,295,143,367,0,0,0,0,0,0,0,2021-01-26T19:16:16Z,4.66702,D+5,Durbin +5,democrat,durbinr,illinois,2021-04-29T13:39:24.072007Z
17079,Jasper,5448,0,16,16,Merged into voters' home precincts and released with cumulative results,98,5576,98%,98% reported,edison,10,some,,2270,,,1180,4157,56,26,29,0,0,0,0,0,0,0,2021-01-26T19:16:21Z,54.64391,R+55,Curran +55,republican,curranm,illinois,2021-04-29T13:39:24.072007Z
17081,Jefferson,16983,0,33,33,Merged into voters' home precincts and released with cumulative results,98,17404,98%,98% reported,edison,10,all,,4357,,,5099,11399,231,111,143,0,0,0,0,0,0,0,2021-01-26T19:16:26Z,37.09592,R+37,Curran +37,republican,curranm,illinois,2021-04-29T13:39:24.072007Z
17083,Jersey,11644,0,25,25,Merged into voters' home precincts and released with cumulative results,98,11937,98%,98% reported,edison,10,unknown,,2467,,,3478,7850,170,85,61,0,0,0,0,0,0,0,2021-01-26T19:16:32Z,37.54723,R+38,Curran +38,republican,curranm,illinois,2021-04-29T13:39:24.072007Z
17085,JoDaviess,12271,5932,29,29,None,98,12496,98%,98% reported,edison,10,unknown,,3006,,,5061,6856,150,96,108,0,3317,2474,55,34,52,0,2021-01-26T19:16:39Z,14.62798,R+15,Curran +15,republican,curranm,illinois,2021-04-29T13:39:24.072007Z
17087,Johnson,6333,0,16,16,Released as a precinct at the end of tabulation,98,6437,98%,98% reported,edison,10,some,,3610,,,1559,4626,49,49,50,0,0,0,0,0,0,0,2021-01-26T19:16:44Z,48.42886,R+48,Curran +48,republican,curranm,illinois,2021-04-29T13:39:24.072007Z
17089,Kane,230012,182185,291,291,None,99,231876,99%,99% reported,edison,10,unknown,,93112,,,122627,96270,3004,6168,1943,0,102528,72174,1936,4222,1325,0,2021-01-26T19:41:57Z,11.45897,D+11,Durbin +11,democrat,durbinr,illinois,2021-04-29T13:39:24.072007Z
17091,Kankakee,49440,0,64,64,None,99,49902,99%,99% reported,edison,10,unknown,,21168,,,19754,26505,967,1851,363,0,0,0,0,0,0,0,2021-01-26T19:16:53Z,13.65494,R+14,Curran +14,republican,curranm,illinois,2021-04-29T13:39:24.072007Z
17093,Kendall,63346,36985,87,87,None,99,63974,99%,99% reported,edison,10,unknown,,13923,,,31055,28790,898,2016,587,0,20920,14450,388,916,311,0,2021-01-07T18:22:14Z,3.5756,D+4,Durbin +4,democrat,durbinr,illinois,2021-04-29T13:39:24.072007Z
17095,Knox,22846,0,31,31,None,99,23143,99%,99% reported,edison,10,unknown,,6554,,,10820,11349,301,172,204,0,0,0,0,0,0,0,2021-01-26T19:17:01Z,2.3155,R+2,Curran +2,republican,curranm,illinois,2021-04-29T13:39:24.072007Z
17099,LaSalle,52850,0,119,119,Merged into voters' home precincts and released with cumulative results,99,53591,99%,99% reported,edison,10,unknown,,7973,,,22851,27437,720,1442,400,0,0,0,0,0,0,0,2021-01-26T19:17:07Z,8.67739,R+9,Curran +9,republican,curranm,illinois,2021-04-29T13:39:24.072007Z
17097,Lake,332290,181754,415,415,None,99,334177,99%,99% reported,edison,10,unknown,,165277,,,187630,131344,3657,7330,2327,2,105321,70135,1541,3709,1048,0,2021-01-26T19:41:06Z,16.93882,D+17,Durbin +17,democrat,durbinr,illinois,2021-04-29T13:39:24.072007Z
17101,Lawrence,6251,0,22,22,None,98,6411,98%,98% reported,edison,10,none,,920,,,1571,4500,92,49,39,0,0,0,0,0,0,0,2021-01-26T19:07:43Z,46.8565,R+47,Curran +47,republican,curranm,illinois,2021-04-29T13:39:24.072007Z
17103,Lee,16200,0,49,49,Merged into voters' home precincts and released with cumulative results,99,16397,99%,99% reported,edison,10,unknown,,4965,,,6446,9188,209,214,142,1,0,0,0,0,0,0,2021-01-26T19:07:53Z,16.92593,R+17,Curran +17,republican,curranm,illinois,2021-04-29T13:39:24.072007Z
17105,Livingston,16933,0,47,47,None,99,17174,99%,99% reported,edison,10,unknown,,4304,,,4969,11258,264,310,132,0,0,0,0,0,0,0,2021-01-26T19:17:14Z,37.14049,R+37,Curran +37,republican,curranm,illinois,2021-04-29T13:39:24.072007Z
17107,Logan,13145,0,29,29,Merged into voters' home precincts and released with cumulative results,99,13294,99%,99% reported,edison,10,unknown,,3994,,,4366,8351,203,122,103,0,0,0,0,0,0,0,2021-01-26T19:08:01Z,30.31571,R+30,Curran +30,republican,curranm,illinois,2021-04-29T13:39:24.072007Z
17115,Macon,48949,0,72,72,Merged into voters' home precincts AFTER election night,99,49390,99%,99% reported,edison,10,unknown,,14264,,,20127,27072,743,597,410,0,0,0,0,0,0,0,2021-01-26T19:08:21Z,14.18824,R+14,Curran +14,republican,curranm,illinois,2021-04-29T13:39:24.072007Z
17117,Macoupin,23674,0,61,61,Merged into voters' home precincts and released with cumulative results,99,24022,99%,99% reported,edison,10,unknown,,3614,,,8334,14555,398,193,194,0,0,0,0,0,0,0,2021-01-26T19:08:31Z,26.27777,R+26,Curran +26,republican,curranm,illinois,2021-04-29T13:39:24.072007Z
17119,Madison,135488,0,225,225,None,99,137139,99%,99% reported,edison,10,some,,57323,,,59178,71658,2253,1106,1293,0,0,0,0,0,0,0,2021-01-07T18:27:26Z,9.21115,R+9,Curran +9,republican,curranm,illinois,2021-04-29T13:39:24.072007Z
17121,Marion,17254,0,48,48,Merged into voters' home precincts and released with cumulative results,99,17458,99%,99% reported,edison,10,some,,4072,,,5122,11718,198,90,126,0,0,0,0,0,0,0,2021-01-26T19:08:38Z,38.22882,R+38,Curran +38,republican,curranm,illinois,2021-04-29T13:39:24.072007Z
17123,Marshall,6189,0,14,14,Merged into voters' home precincts and released with cumulative results,98,6334,98%,98% reported,edison,10,unknown,,1712,,,2027,3957,96,70,39,0,0,0,0,0,0,0,2021-01-26T19:08:44Z,31.18436,R+31,Curran +31,republican,curranm,illinois,2021-04-29T13:39:24.072007Z
17125,Mason,6665,2415,21,21,Merged into voters' home precincts and released with cumulative results,99,6766,99%,99% reported,edison,10,unknown,,1229,,,2387,4075,101,48,54,0,1202,1151,29,16,17,0,2021-01-26T19:08:50Z,25.32633,R+25,Curran +25,republican,curranm,illinois,2021-04-29T13:39:24.072007Z
17127,Massac,6710,0,17,17,Merged into voters' home precincts and released with cumulative results,98,6813,98%,98% reported,edison,10,unknown,,1360,,,1857,4712,70,40,31,0,0,0,0,0,0,0,2021-01-26T19:08:56Z,42.54844,R+43,Curran +43,republican,curranm,illinois,2021-04-29T13:39:24.072007Z
17109,McDonough,12148,0,31,31,Merged into voters' home precincts and released with cumulative results,99,12285,99%,99% reported,edison,10,unknown,,4725,,,5090,6674,188,88,108,0,0,0,0,0,0,0,2021-01-26T19:08:09Z,13.03918,R+13,Curran +13,republican,curranm,illinois,2021-04-29T13:39:24.072007Z
17111,McHenry,162730,0,212,212,Merged into voters' home precincts and released with cumulative results,99,163879,99%,99% reported,edison,10,unknown,,16104,,,73803,80440,3550,3543,1393,1,0,0,0,0,0,0,2021-01-07T18:27:07Z,4.07853,R+4,Curran +4,republican,curranm,illinois,2021-04-29T13:39:24.072007Z
17113,McLean,86511,0,70,70,None,99,87002,99%,99% reported,edison,10,unknown,,16888,,,41549,41007,2123,858,974,0,0,0,0,0,0,0,2021-01-26T19:08:23Z,0.62651,D+0.63,Durbin +0.63,democrat,durbinr,illinois,2021-04-29T13:39:24.072007Z
17129,Menard,6845,3038,14,14,Merged into voters' home precincts and released with cumulative results,99,6928,99%,99% reported,edison,10,some,,2304,,,2095,4606,61,35,48,0,1281,1712,15,10,20,0,2021-01-26T19:09:03Z,36.68371,R+37,Curran +37,republican,curranm,illinois,2021-04-29T13:39:24.072007Z
17131,Mercer,8744,3204,24,24,"As a subtotal in the FIRST cumulative report, along with regular precincts",98,8893,98%,98% reported,edison,10,unknown,,1397,,,3420,5068,133,71,52,0,1735,1409,30,17,13,0,2021-01-26T19:09:13Z,18.84721,R+19,Curran +19,republican,curranm,illinois,2021-04-29T13:39:24.072007Z
17133,Monroe,21015,10254,37,37,Merged into voters' home precincts and released with cumulative results,99,21148,99%,99% reported,edison,10,some,,9262,,,6717,13805,257,95,141,0,4280,5760,99,44,71,0,2021-01-26T19:09:19Z,33.72829,R+34,Curran +34,republican,curranm,illinois,2021-04-29T13:39:24.072007Z
17135,Montgomery,13439,0,38,38,Merged into voters' home precincts and released with cumulative results,98,13727,98%,98% reported,edison,10,unknown,,3024,,,4293,8738,191,112,105,0,0,0,0,0,0,0,2021-01-26T19:09:26Z,33.07538,R+33,Curran +33,republican,curranm,illinois,2021-04-29T13:39:24.072007Z
17137,Morgan,15155,0,40,40,Merged into voters' home precincts and released with cumulative results,99,15309,99%,99% reported,edison,10,unknown,,2656,,,5548,9213,189,101,104,0,0,0,0,0,0,0,2021-01-26T19:09:32Z,24.18344,R+24,Curran +24,republican,curranm,illinois,2021-04-29T13:39:24.072007Z
17139,Moultrie,6676,0,14,14,Merged into voters' home precincts and released with cumulative results,99,6744,99%,99% reported,edison,10,unknown,,2046,,,1816,4650,98,65,47,0,0,0,0,0,0,0,2021-01-26T19:09:43Z,42.45057,R+42,Curran +42,republican,curranm,illinois,2021-04-29T13:39:24.072007Z
17141,Ogle,26054,0,52,52,Merged into voters' home precincts and released with cumulative results,99,26272,99%,99% reported,edison,10,unknown,,4760,,,9492,15520,448,367,227,0,0,0,0,0,0,0,2021-01-26T19:09:51Z,23.13656,R+23,Curran +23,republican,curranm,illinois,2021-04-29T13:39:24.072007Z
17143,Peoria,83633,53884,169,169,Merged into voters' home precincts and released with cumulative results,100,83973,100%,100% reported,edison,10,unknown,,31962,,,42891,37345,1914,667,816,0,31560,20503,946,415,460,0,2021-01-26T19:09:58Z,6.63135,D+7,Durbin +7,democrat,durbinr,illinois,2021-04-29T13:39:24.072007Z
17145,Perry,9901,0,27,27,Released as a precinct at the end of tabulation,98,10053,98%,98% reported,edison,10,some,,2477,,,3268,6417,87,63,66,0,0,0,0,0,0,0,2021-01-26T19:10:06Z,31.80487,R+32,Curran +32,republican,curranm,illinois,2021-04-29T13:39:24.072007Z
17147,Piatt,9758,0,16,16,Merged into voters' home precincts AFTER election night,99,9822,99%,99% reported,edison,10,unknown,,1656,,,3407,6004,157,121,69,0,0,0,0,0,0,0,2021-01-26T19:17:32Z,26.61406,R+27,Curran +27,republican,curranm,illinois,2021-04-29T13:39:24.072007Z
17149,Pike,7815,0,31,31,Other,98,7949,98%,98% reported,edison,10,unknown,,1424,,,1837,5785,102,52,39,0,0,0,0,0,0,0,2021-01-26T19:10:14Z,50.51823,R+51,Curran +51,republican,curranm,illinois,2021-04-29T13:39:24.072007Z
17151,Pope,2128,0,6,6,Merged into voters' home precincts and released with cumulative results,98,2175,98%,98% reported,edison,10,some,,758,,,520,1573,14,14,7,0,0,0,0,0,0,0,2021-01-26T19:10:21Z,49.48308,R+49,Curran +49,republican,curranm,illinois,2021-04-29T13:39:24.072007Z
17153,Pulaski,2576,0,11,11,None,98,2624,98%,98% reported,edison,10,unknown,,1053,,,1066,1466,8,23,13,0,0,0,0,0,0,0,2021-01-26T19:10:28Z,15.52795,R+16,Curran +16,republican,curranm,illinois,2021-04-29T13:39:24.072007Z
17155,Putnam,3297,0,8,8,Merged into voters' home precincts and released with cumulative results,97,3390,97%,97% reported,edison,10,all,,926,,,1459,1706,40,64,28,0,0,0,0,0,0,0,2020-12-08T17:45:30Z,7.49166,R+7,Curran +7,republican,curranm,illinois,2021-04-29T13:39:24.072007Z
17157,Randolph,14671,0,37,37,None,99,14891,99%,99% reported,edison,10,unknown,,4659,,,4645,9741,129,77,79,0,0,0,0,0,0,0,2021-01-26T19:10:32Z,34.73519,R+35,Curran +35,republican,curranm,illinois,2021-04-29T13:39:24.072007Z
17159,Richland,7913,0,21,21,Merged into voters' home precincts and released with cumulative results,98,8063,98%,98% reported,edison,10,all,,1760,,,1932,5777,116,54,34,0,0,0,0,0,0,0,2020-12-08T17:41:10Z,48.59093,R+49,Curran +49,republican,curranm,illinois,2021-04-29T13:39:24.072007Z
17161,Rock Island,66163,0,120,120,None,99,66758,99%,99% reported,edison,10,unknown,,46442,,,36493,27705,963,454,548,0,0,0,0,0,0,0,2021-01-26T19:17:41Z,13.28235,D+13,Durbin +13,democrat,durbinr,illinois,2021-04-29T13:39:24.072007Z
17165,Saline,10793,0,28,28,Merged into voters' home precincts and released with cumulative results,98,11066,98%,98% reported,edison,10,some,,4206,,,3246,7267,145,75,60,0,0,0,0,0,0,0,2021-01-26T19:10:48Z,37.25563,R+37,Curran +37,republican,curranm,illinois,2021-04-29T13:39:24.072007Z
17167,Sangamon,104322,0,180,180,Merged into voters' home precincts and released with cumulative results,100,104752,100%,100% reported,edison,10,unknown,,18626,,,48733,52333,1337,933,985,1,0,0,0,0,0,0,2021-01-07T18:29:51Z,3.45085,R+3,Curran +3,republican,curranm,illinois,2021-04-29T13:39:24.072007Z
17169,Schuyler,3846,0,17,17,None,98,3906,98%,98% reported,edison,10,unknown,,1472,,,1283,2448,62,32,21,0,0,0,0,0,0,0,2021-01-26T19:10:54Z,30.29121,R+30,Curran +30,republican,curranm,illinois,2021-04-29T13:39:24.072007Z
17171,Scott,2681,0,10,10,Other,98,2737,98%,98% reported,edison,10,unknown,,478,,,705,1930,21,13,12,0,0,0,0,0,0,0,2021-01-26T19:11:00Z,45.69191,R+46,Curran +46,republican,curranm,illinois,2021-04-29T13:39:24.072007Z
17173,Shelby,11945,0,33,33,None,99,12097,99%,99% reported,edison,10,unknown,,2422,,,2921,8698,125,100,101,0,0,0,0,0,0,0,2021-01-26T19:11:07Z,48.36333,R+48,Curran +48,republican,curranm,illinois,2021-04-29T13:39:24.072007Z
17163,St. Clair,126941,0,190,190,None,99,128091,99%,99% reported,edison,10,unknown,,32130,,,66801,55898,1832,1221,1189,0,0,0,0,0,0,0,2021-01-26T19:10:41Z,8.58903,D+9,Durbin +9,democrat,durbinr,illinois,2021-04-29T13:39:24.072007Z
17175,Stark,2827,0,10,10,Released as a precinct at the end of tabulation,98,2883,98%,98% reported,edison,10,unknown,,509,,,843,1894,46,20,24,0,0,0,0,0,0,0,2021-01-26T19:11:12Z,37.17722,R+37,Curran +37,republican,curranm,illinois,2021-04-29T13:39:24.072007Z
17177,Stephenson,21798,0,40,40,Merged into voters' home precincts and released with cumulative results,99,22048,99%,99% reported,edison,10,unknown,,6222,,,9043,11954,336,294,171,0,0,0,0,0,0,0,2021-01-26T19:11:18Z,13.35444,R+13,Curran +13,republican,curranm,illinois,2021-04-29T13:39:24.072007Z
17179,Tazewell,68437,0,109,109,Other,99,69052,99%,99% reported,edison,10,unknown,,12110,,,25380,40429,1557,467,604,0,0,0,0,0,0,0,2021-01-26T19:11:26Z,21.98957,R+22,Curran +22,republican,curranm,illinois,2021-04-29T13:39:24.072007Z
17181,Union,8797,0,20,20,Merged into voters' home precincts and released with cumulative results,99,8886,99%,99% reported,edison,10,all,,2005,,,3102,5465,92,51,87,0,0,0,0,0,0,0,2021-01-26T19:11:32Z,26.86143,R+27,Curran +27,republican,curranm,illinois,2021-04-29T13:39:24.072007Z
17183,Vermilion,31325,0,55,55,Merged into voters' home precincts and released with cumulative results,99,31584,99%,99% reported,edison,10,unknown,,4752,,,11375,18751,388,493,318,0,0,0,0,0,0,0,2021-01-26T19:11:38Z,23.54669,R+24,Curran +24,republican,curranm,illinois,2021-04-29T13:39:24.072007Z
17185,Wabash,5487,0,16,16,None,98,5593,98%,98% reported,edison,10,unknown,,1834,,,1276,4078,84,29,20,0,0,0,0,0,0,0,2021-01-26T19:11:45Z,51.06616,R+51,Curran +51,republican,curranm,illinois,2021-04-29T13:39:24.072007Z
17187,Warren,7797,0,29,29,None,99,7909,99%,99% reported,edison,10,unknown,,2038,,,3049,4552,96,53,47,0,0,0,0,0,0,0,2021-01-26T19:11:51Z,19.27664,R+19,Curran +19,republican,curranm,illinois,2021-04-29T13:39:24.072007Z
17189,Washington,7766,0,20,20,None,98,7902,98%,98% reported,edison,10,some,,987,,,1914,5671,92,53,36,0,0,0,0,0,0,0,2021-01-26T19:11:57Z,48.37754,R+48,Curran +48,republican,curranm,illinois,2021-04-29T13:39:24.072007Z
17191,Wayne,8307,0,27,27,None,98,8486,98%,98% reported,edison,10,some,,1717,,,1401,6708,94,53,51,0,0,0,0,0,0,0,2021-01-26T19:12:04Z,63.88588,R+64,Curran +64,republican,curranm,illinois,2021-04-29T13:39:24.072007Z
17193,White,7269,0,18,18,Merged into voters' home precincts and released with cumulative results,98,7421,98%,98% reported,edison,10,unknown,,1565,,,1686,5400,88,51,44,0,0,0,0,0,0,0,2021-01-26T19:12:11Z,51.09369,R+51,Curran +51,republican,curranm,illinois,2021-04-29T13:39:24.072007Z
17195,Whiteside,26992,0,60,60,Merged into voters' home precincts and released with cumulative results,99,27375,99%,99% reported,edison,10,unknown,,8002,,,12502,13502,414,312,262,0,0,0,0,0,0,0,2021-01-26T19:12:17Z,3.7048,R+4,Curran +4,republican,curranm,illinois,2021-04-29T13:39:24.072007Z
17197,Will,341858,204083,304,304,Merged into voters' home precincts and released with cumulative results,99,345105,99%,99% reported,edison,10,some,,87251,,,175089,144816,4378,14585,2990,0,119184,74484,1834,7057,1524,0,2021-01-26T19:30:22Z,8.85543,D+9,Durbin +9,democrat,durbinr,illinois,2021-04-29T13:39:24.072007Z
17199,Williamson,33116,0,65,65,Merged into voters' home precincts and released with cumulative results,98,33653,98%,98% reported,edison,10,some,,7586,,,11473,20679,418,275,271,0,0,0,0,0,0,0,2021-01-26T19:12:23Z,27.79925,R+28,Curran +28,republican,curranm,illinois,2021-04-29T13:39:24.072007Z
17201,Winnebago,126388,0,103,103,Merged into voters' home precincts and released with cumulative results,99,127709,99%,99% reported,edison,10,unknown,,21891,,,61182,60473,1799,1542,1392,0,0,0,0,0,0,0,2021-01-26T19:12:29Z,0.56097,D+0.56,Durbin +0.56,democrat,durbinr,illinois,2021-04-29T13:39:24.072007Z
17203,Woodford,21137,0,45,45,None,99,21432,99%,99% reported,edison,10,unknown,,3278,,,6276,14174,373,169,145,0,0,0,0,0,0,0,2021-01-26T19:12:34Z,37.36576,R+37,Curran +37,republican,curranm,illinois,2021-04-29T13:39:24.072007Z
