fips,name,votes,absentee_votes,reporting,precincts,absentee_method,eevp,tot_exp_vote,eevp_value,eevp_display,eevp_source,turnout_stage,absentee_count_progress,absentee_outstanding,absentee_max_ballots,provisional_outstanding,provisional_count_progress,results_cornynj,results_hegarm,results_mckennonk,results_collinsda,results_write_ins,results_absentee_cornynj,results_absentee_hegarm,results_absentee_mckennonk,results_absentee_collinsda,results_absentee_write_ins,last_updated,leader_margin_value,leader_margin_display,leader_margin_name_display,leader_party_id,leader_key,state,retrieved_time
48001,Anderson,19072,14360,23,23,Released as a precinct as first report of the night,99,19227,99%,99% reported,edison,10,unknown,,15380,,,14943,3792,249,88,0,11036,3089,168,67,0,2021-02-22T19:58:12Z,58.46791,R+58,Cornyn +58,republican,cornynj,texas,2021-05-06T16:48:45.371090Z
48003,Andrews,5800,4734,5,5,Released as a precinct as first report of the night,99,5863,99%,99% reported,edison,10,unknown,,4805,,,4894,779,107,20,,4005,642,73,14,,2020-11-27T13:43:52Z,70.94828,R+71,Cornyn +71,republican,cornynj,texas,2021-05-06T16:48:45.371090Z
48005,Angelina,34355,28453,43,43,Released as a precinct as first report of the night,99,34574,99%,99% reported,edison,10,unknown,,28954,,,24962,8771,461,161,0,20639,7361,335,118,0,2021-02-22T19:58:25Z,47.12851,R+47,Cornyn +47,republican,cornynj,texas,2021-05-06T16:48:45.371090Z
48007,Aransas,12164,10900,6,6,Released as a precinct as first report of the night,99,12290,99%,99% reported,edison,10,unknown,,10783,,,9189,2729,178,68,0,8227,2479,140,54,0,2021-02-22T19:58:36Z,53.10753,R+53,Cornyn +53,republican,cornynj,texas,2021-05-06T16:48:45.371090Z
48009,Archer,4724,3581,12,12,Released as a precinct as first report of the night,98,4796,98%,98% reported,edison,10,unknown,,2737,,,4178,467,65,14,0,3165,368,35,13,0,2021-02-22T19:58:50Z,78.55631,R+79,Cornyn +79,republican,cornynj,texas,2021-05-06T16:48:45.371090Z
48011,Armstrong,1099,839,8,8,Released as a precinct as first report of the night,99,1112,99%,99% reported,edison,10,unknown,,777,,,1025,64,5,5,0,779,51,5,4,0,2021-02-22T19:59:06Z,87.44313,R+87,Cornyn +87,republican,cornynj,texas,2021-05-06T16:48:45.371090Z
48013,Atascosa,17896,14598,25,25,Released as a precinct as first report of the night,99,18118,99%,99% reported,edison,10,all,,10647,,,11906,5588,258,142,2,9734,4589,188,87,0,2020-12-11T21:42:22Z,35.30398,R+35,Cornyn +35,republican,cornynj,texas,2021-05-06T16:48:45.371090Z
48015,Austin,14481,11498,18,18,Released as a precinct as first report of the night,99,14554,99%,99% reported,edison,10,unknown,,9966,,,11454,2752,215,57,3,9047,2260,153,38,0,2021-02-22T19:59:21Z,60.09254,R+60,Cornyn +60,republican,cornynj,texas,2021-05-06T16:48:45.371090Z
48017,Bailey,1822,1266,5,5,Released as a precinct as first report of the night,98,1860,98%,98% reported,edison,10,unknown,,1464,,,1400,383,28,11,,1016,233,12,5,,2021-02-22T20:00:35Z,55.81778,R+56,Cornyn +56,republican,cornynj,texas,2021-05-06T16:48:45.371090Z
48019,Bandera,12537,10936,11,11,Released as a precinct as first report of the night,99,12715,99%,99% reported,edison,10,unknown,,10011,,,9957,2291,234,55,0,8619,2101,179,37,0,2021-02-22T20:00:46Z,61.147,R+61,Cornyn +61,republican,cornynj,texas,2021-05-06T16:48:45.371090Z
48021,Bastrop,36506,31197,23,23,Released as a precinct as first report of the night,100,36665,100%,100% reported,edison,10,all,,25791,,,20468,15071,757,208,2,16975,13505,561,156,0,2020-12-11T21:42:45Z,14.78387,R+15,Cornyn +15,republican,cornynj,texas,2021-05-06T16:48:45.371090Z
48023,Baylor,1678,1355,5,5,Released as a precinct as first report of the night,99,1702,99%,99% reported,edison,10,unknown,,1554,,,1462,177,30,9,,1196,137,18,4,,2021-02-22T19:59:44Z,76.57926,R+77,Cornyn +77,republican,cornynj,texas,2021-05-06T16:48:45.371090Z
48025,Bee,9055,7260,18,18,Released as a precinct as first report of the night,96,9420,96%,96% reported,edison,10,unknown,,7301,,,5713,3103,171,58,10,4520,2572,126,42,0,2021-02-22T19:59:58Z,28.82385,R+29,Cornyn +29,republican,cornynj,texas,2021-05-06T16:48:45.371090Z
48027,Bell,126804,102525,49,49,Released as a precinct as first report of the night,100,127375,100%,100% reported,edison,10,all,,89466,,,68934,54413,2725,727,5,54424,45741,1840,520,0,2021-01-27T16:55:20Z,11.45153,R+11,Cornyn +11,republican,cornynj,texas,2021-05-06T16:48:45.371090Z
48029,Bexar,752987,660134,767,767,Released as a precinct as first report of the night,98,768952,98%,98% reported,edison,10,unknown,,609654,,,320095,411328,15205,6307,52,277734,365778,11794,4828,0,2021-02-22T20:01:07Z,12.11615,D+12,Hegar +12,democrat,hegarm,texas,2021-05-06T16:48:45.371090Z
48031,Blanco,7408,6405,7,7,Released as a precinct as first report of the night,100,7441,100%,100% reported,edison,10,unknown,,4204,,,5457,1816,105,30,,4635,1667,81,22,,2020-11-29T04:16:36Z,49.14957,R+49,Cornyn +49,republican,cornynj,texas,2021-05-06T16:48:45.371090Z
48033,Borden,411,302,8,8,Released as a precinct as first report of the night,99,416,99%,99% reported,edison,10,unknown,,320,,,390,18,1,2,0,290,11,0,1,0,2021-02-22T20:01:02Z,90.51095,R+91,Cornyn +91,republican,cornynj,texas,2021-05-06T16:48:45.371090Z
48035,Bosque,9039,6473,12,12,Released as a precinct as first report of the night,99,9126,99%,99% reported,edison,10,unknown,,4229,,,7367,1490,121,60,1,5228,1130,77,38,0,2021-02-22T20:01:12Z,65.01825,R+65,Cornyn +65,republican,cornynj,texas,2021-05-06T16:48:45.371090Z
48037,Bowie,37931,29781,43,43,Released as a precinct as first report of the night,99,38261,99%,99% reported,edison,10,all,,32487,,,26908,10406,474,143,,20577,8772,336,96,,2021-02-22T20:01:26Z,43.50531,R+44,Cornyn +44,republican,cornynj,texas,2021-05-06T16:48:45.371090Z
48039,Brazoria,153367,138188,67,67,Released as a precinct as first report of the night,99,154984,99%,99% reported,edison,10,unknown,,131649,,,90705,58759,3019,879,5,81451,53556,2447,734,0,2021-02-22T20:01:41Z,20.82977,R+21,Cornyn +21,republican,cornynj,texas,2021-05-06T16:48:45.371090Z
48041,Brazos,84161,71230,99,99,Released as a precinct as first report of the night,99,85061,99%,99% reported,edison,10,unknown,,57474,,,49346,32098,2243,462,12,41430,27828,1635,337,0,2021-02-22T20:01:55Z,20.49405,R+20,Cornyn +20,republican,cornynj,texas,2021-05-06T16:48:45.371090Z
48043,Brewster,4772,3945,9,9,Released as a precinct as first report of the night,99,4822,99%,99% reported,edison,10,unknown,,4467,,,2453,2167,113,35,4,1986,1858,77,24,0,2021-02-22T20:02:11Z,5.99329,R+6,Cornyn +6,republican,cornynj,texas,2021-05-06T16:48:45.371090Z
48045,Briscoe,715,448,6,6,Released as a precinct as first report of the night,99,725,99%,99% reported,edison,10,unknown,,503,,,625,79,6,5,,392,52,2,2,,2021-02-22T20:02:24Z,76.36364,R+76,Cornyn +76,republican,cornynj,texas,2021-05-06T16:48:45.371090Z
48047,Brooks,2356,1745,6,6,Released as a precinct as first report of the night,95,2484,95%,95% reported,edison,10,unknown,,1853,,,859,1425,39,33,0,566,1130,31,18,0,2021-02-22T20:02:31Z,24.02377,D+24,Hegar +24,democrat,hegarm,texas,2021-05-06T16:48:45.371090Z
48049,Brown,15755,12376,19,19,Released as a precinct as first report of the night,99,15969,99%,99% reported,edison,10,unknown,,14372,,,13482,1965,250,58,0,10582,1577,174,43,0,2021-02-22T20:02:41Z,73.1006,R+73,Cornyn +73,republican,cornynj,texas,2021-05-06T16:48:45.371090Z
48051,Burleson,8489,6592,14,14,Released as a precinct as first report of the night,99,8609,99%,99% reported,edison,10,unknown,,5572,,,6596,1709,142,42,0,5076,1393,97,26,0,2021-02-22T20:02:48Z,57.56862,R+58,Cornyn +58,republican,cornynj,texas,2021-05-06T16:48:45.371090Z
48053,Burnet,24540,20701,21,21,Released as a precinct as first report of the night,99,24717,99%,99% reported,edison,10,unknown,,17630,,,18687,5323,438,92,,15666,4659,318,58,,2020-11-29T04:26:33Z,54.45803,R+54,Cornyn +54,republican,cornynj,texas,2021-05-06T16:48:45.371090Z
48055,Caldwell,14880,12248,32,32,Released as a precinct as first report of the night,99,14973,99%,99% reported,edison,10,unknown,,10580,,,8044,6449,272,103,12,6604,5369,199,76,0,2021-02-22T20:03:02Z,10.71909,R+11,Cornyn +11,republican,cornynj,texas,2021-05-06T16:48:45.371090Z
48057,Calhoun,7745,5621,26,26,Released as a precinct as first report of the night,99,7856,99%,99% reported,edison,10,unknown,,5674,,,5531,2092,100,22,,3847,1701,61,12,,2021-02-22T20:03:22Z,44.40284,R+44,Cornyn +44,republican,cornynj,texas,2021-05-06T16:48:45.371090Z
48059,Callahan,6719,5411,8,8,Released as a precinct as first report of the night,98,6832,98%,98% reported,edison,10,unknown,,4184,,,5892,680,106,41,0,4745,564,77,25,0,2021-02-22T20:03:30Z,77.57107,R+78,Cornyn +78,republican,cornynj,texas,2021-05-06T16:48:45.371090Z
48061,Cameron,111223,93558,104,104,Released as a precinct as first report of the night,97,114174,97%,97% reported,edison,10,unknown,,71585,,,46482,61508,1797,1433,3,38954,52212,1361,1031,0,2021-02-22T20:03:42Z,13.5098,D+14,Hegar +14,democrat,hegarm,texas,2021-05-06T16:48:45.371090Z
48063,Camp,5036,4279,5,5,Released as a precinct as first report of the night,100,5060,100%,100% reported,edison,10,unknown,,4295,,,3597,1359,57,22,1,3106,1123,36,14,0,2021-02-22T20:03:55Z,44.44003,R+44,Cornyn +44,republican,cornynj,texas,2021-05-06T16:48:45.371090Z
48065,Carson,3113,1890,9,9,Released as a precinct as first report of the night,100,3122,100%,100% reported,edison,10,unknown,,1767,,,2756,286,63,5,3,1657,204,28,1,0,2021-02-22T20:04:08Z,79.34468,R+79,Cornyn +79,republican,cornynj,texas,2021-05-06T16:48:45.371090Z
48067,Cass,13813,10581,19,19,Released as a precinct as first report of the night,99,13927,99%,99% reported,edison,10,unknown,,8478,,,10796,2672,153,192,0,8294,2154,99,34,0,2021-02-22T19:55:23Z,58.81416,R+59,Cornyn +59,republican,cornynj,texas,2021-05-06T16:48:45.371090Z
48069,Castro,2041,1103,9,9,Released as a precinct as first report of the night,98,2083,98%,98% reported,edison,10,unknown,,1417,,,1572,432,24,13,,845,244,8,6,,2021-02-17T16:43:56Z,55.85497,R+56,Cornyn +56,republican,cornynj,texas,2021-05-06T16:48:45.371090Z
48071,Chambers,21353,18832,15,15,Released as a precinct as first report of the night,99,21652,99%,99% reported,edison,10,all,,17808,,,17037,3786,419,111,0,15164,3250,330,88,0,2020-12-11T21:45:50Z,62.05685,R+62,Cornyn +62,republican,cornynj,texas,2021-05-06T16:48:45.371090Z
48073,Cherokee,19331,15337,25,25,Released as a precinct as first report of the night,99,19508,99%,99% reported,edison,10,unknown,,16073,,,14945,4058,269,59,0,11742,3359,194,42,0,2021-02-17T16:44:11Z,56.31887,R+56,Cornyn +56,republican,cornynj,texas,2021-05-06T16:48:45.371090Z
48075,Childress,2259,1776,5,5,Released as a precinct as first report of the night,99,2279,99%,99% reported,edison,10,unknown,,1817,,,1936,283,29,11,0,1531,217,19,9,0,2021-02-17T16:44:19Z,73.17397,R+73,Cornyn +73,republican,cornynj,texas,2021-05-06T16:48:45.371090Z
48077,Clay,5698,4133,17,17,Released as a precinct as first report of the night,99,5741,99%,99% reported,edison,10,unknown,,3005,,,4958,632,69,27,12,3588,474,45,16,10,2021-02-17T16:44:31Z,75.92138,R+76,Cornyn +76,republican,cornynj,texas,2021-05-06T16:48:45.371090Z
48079,Cochran,978,661,4,4,Released as a precinct as first report of the night,98,1000,98%,98% reported,edison,10,unknown,,604,,,765,183,22,8,0,521,125,10,5,0,2021-02-17T16:44:49Z,59.5092,R+60,Cornyn +60,republican,cornynj,texas,2021-05-06T16:48:45.371090Z
48081,Coke,1754,1223,5,5,Released as a precinct as first report of the night,99,1779,99%,99% reported,edison,10,unknown,,1206,,,1557,171,23,3,,1084,128,10,1,,2020-11-27T14:19:03Z,79.01938,R+79,Cornyn +79,republican,cornynj,texas,2021-05-06T16:48:45.371090Z
48083,Coleman,4065,3507,5,5,Released as a precinct as first report of the night,99,4124,99%,99% reported,edison,10,some,,3691,,,3586,426,37,16,,3096,369,28,14,,2021-02-22T20:04:21Z,77.73678,R+78,Cornyn +78,republican,cornynj,texas,2021-05-06T16:48:45.371090Z
48085,Collin,481306,446618,240,240,Released as a precinct as first report of the night,98,492216,98%,98% reported,edison,10,all,,368567,,,263074,207005,8495,2721,11,242650,194460,7189,2308,11,2021-01-08T19:54:39Z,11.64935,R+12,Cornyn +12,republican,cornynj,texas,2021-05-06T16:48:45.371090Z
48087,Collingsworth,1192,824,8,8,Released as a precinct as first report of the night,98,1218,98%,98% reported,edison,10,unknown,,1021,,,1032,145,10,4,1,713,104,5,2,0,2021-02-17T16:45:01Z,74.41275,R+74,Cornyn +74,republican,cornynj,texas,2021-05-06T16:48:45.371090Z
48089,Colorado,9890,7966,5,5,Released as a precinct as first report of the night,99,9975,99%,99% reported,edison,10,all,,6404,,,7367,2362,116,43,2,5851,2006,78,31,0,2021-02-22T20:04:33Z,50.60667,R+51,Cornyn +51,republican,cornynj,texas,2021-05-06T16:48:45.371090Z
48091,Comal,88270,79099,30,30,Released as a precinct as first report of the night,99,88863,99%,99% reported,edison,10,all,,64101,,,63545,22552,1753,418,2,56921,20474,1382,322,0,2021-01-08T19:55:42Z,46.44047,R+46,Cornyn +46,republican,cornynj,texas,2021-05-06T16:48:45.371090Z
48093,Comanche,6004,4618,15,15,Released as a precinct as first report of the night,99,6086,99%,99% reported,edison,10,unknown,,4034,,,5053,831,90,30,0,3888,656,59,15,0,2021-02-22T20:04:42Z,70.31979,R+70,Cornyn +70,republican,cornynj,texas,2021-05-06T16:48:45.371090Z
48095,Concho,1247,777,9,9,Released as a precinct as first report of the night,98,1268,98%,98% reported,edison,10,unknown,,569,,,1029,193,20,5,0,634,128,13,2,0,2021-02-17T16:45:17Z,67.0409,R+67,Cornyn +67,republican,cornynj,texas,2021-05-06T16:48:45.371090Z
48097,Cooke,18877,13566,30,30,Released as a precinct as first report of the night,99,18988,99%,99% reported,edison,10,unknown,,10395,,,15516,2999,277,85,0,10978,2354,190,44,0,2021-02-17T16:45:30Z,66.30821,R+66,Cornyn +66,republican,cornynj,texas,2021-05-06T16:48:45.371090Z
48099,Coryell,23249,19089,16,16,Released as a precinct as first report of the night,99,23490,99%,99% reported,edison,10,some,,16701,,,15372,7118,609,149,1,12445,6094,439,111,0,2021-01-08T19:56:06Z,35.5026,R+36,Cornyn +36,republican,cornynj,texas,2021-05-06T16:48:45.371090Z
48101,Cottle,656,488,5,5,Released as a precinct as first report of the night,99,662,99%,99% reported,edison,10,unknown,,690,,,534,110,7,5,0,397,84,5,2,0,2021-02-22T20:04:50Z,64.63415,R+65,Cornyn +65,republican,cornynj,texas,2021-05-06T16:48:45.371090Z
48103,Crane,1479,1067,4,4,Released as a precinct as first report of the night,98,1503,98%,98% reported,edison,10,unknown,,1280,,,1213,229,24,13,0,886,157,16,8,0,2021-02-17T16:45:44Z,66.53144,R+67,Cornyn +67,republican,cornynj,texas,2021-05-06T16:48:45.371090Z
48105,Crockett,1493,1153,5,5,Released as a precinct as first report of the night,95,1574,95%,95% reported,edison,10,unknown,,1379,,,1146,314,21,12,0,897,240,12,4,0,2021-02-17T16:45:55Z,55.72672,R+56,Cornyn +56,republican,cornynj,texas,2021-05-06T16:48:45.371090Z
48107,Crosby,1881,1186,5,5,Released as a precinct as first report of the night,96,1953,96%,96% reported,edison,10,unknown,,1368,,,1356,486,25,14,0,862,305,13,6,0,2021-02-17T16:46:09Z,46.25199,R+46,Cornyn +46,republican,cornynj,texas,2021-05-06T16:48:45.371090Z
48109,Culberson,778,516,6,6,Released as a precinct as first report of the night,90,864,90%,90% reported,edison,10,unknown,,681,,,367,385,19,6,1,239,264,9,3,1,2021-02-17T16:46:19Z,2.31362,D+2,Hegar +2,democrat,hegarm,texas,2021-05-06T16:48:45.371090Z
48111,Dallam,1595,1020,10,10,Released as a precinct as first report of the night,99,1609,99%,99% reported,edison,10,unknown,,954,,,1369,200,21,5,0,878,127,12,3,0,2021-02-17T16:46:31Z,73.29154,R+73,Cornyn +73,republican,cornynj,texas,2021-05-06T16:48:45.371090Z
48113,Dallas,915661,798361,1170,1170,Released as a precinct as first report of the night,99,921638,99%,99% reported,edison,10,unknown,,739551,,,330851,560603,15905,8282,20,284784,495068,12133,6376,0,2021-02-17T16:46:52Z,25.09138,D+25,Hegar +25,democrat,hegarm,texas,2021-05-06T16:48:45.371090Z
48115,Dawson,3641,2822,10,10,Released as a precinct as first report of the night,96,3789,96%,96% reported,edison,10,unknown,,3346,,,2827,738,60,14,2,2260,518,36,8,0,2021-02-17T16:47:04Z,57.37435,R+57,Cornyn +57,republican,cornynj,texas,2021-05-06T16:48:45.371090Z
48123,De Witt,7887,6079,10,10,Released as a precinct as first report of the night,97,8118,97%,97% reported,edison,10,unknown,,5965,,,6399,1384,84,20,0,4888,1104,70,17,0,2021-02-17T16:47:36Z,63.58565,R+64,Cornyn +64,republican,cornynj,texas,2021-05-06T16:48:45.371090Z
48117,Deaf Smith,4533,3583,5,5,Released as a precinct as first report of the night,98,4610,98%,98% reported,edison,10,unknown,,739,,,3273,1151,73,36,0,2678,837,48,20,0,2021-02-17T16:47:14Z,46.81227,R+47,Cornyn +47,republican,cornynj,texas,2021-05-06T16:48:45.371090Z
48119,Delta,2534,1790,8,8,Released as a precinct as first report of the night,98,2592,98%,98% reported,edison,10,unknown,,1505,,,2111,370,31,22,0,1452,303,19,16,0,2021-02-17T16:47:25Z,68.7056,R+69,Cornyn +69,republican,cornynj,texas,2021-05-06T16:48:45.371090Z
48121,Denton,413211,380240,186,186,Released as a precinct as first report of the night,99,417964,99%,99% reported,edison,10,all,,280830,,,231025,170984,8553,2627,22,211760,159151,7118,2196,15,2020-11-24T13:26:47Z,14.53035,R+15,Cornyn +15,republican,cornynj,texas,2021-05-06T16:48:45.371090Z
48125,Dickens,958,657,7,7,Released as a precinct as first report of the night,97,988,97%,97% reported,edison,10,unknown,,846,,,808,133,13,4,,559,92,4,2,,2021-02-17T16:47:44Z,70.45929,R+70,Cornyn +70,republican,cornynj,texas,2021-05-06T16:48:45.371090Z
48127,Dimmit,3468,2376,8,8,Released as a precinct as first report of the night,95,3666,95%,95% reported,edison,10,unknown,,2084,,,1274,2122,39,30,3,825,1511,25,14,1,2021-02-17T17:06:50Z,24.45213,D+24,Hegar +24,democrat,hegarm,texas,2021-05-06T16:48:45.371090Z
48129,Donley,1625,1144,7,7,Released as a precinct as first report of the night,99,1648,99%,99% reported,edison,10,unknown,,1330,,,1418,181,22,4,,1006,124,13,1,,2021-02-17T17:07:05Z,76.12308,R+76,Cornyn +76,republican,cornynj,texas,2021-05-06T16:48:45.371090Z
48131,Duval,4419,3462,10,10,Released as a precinct as first report of the night,87,5053,87%,87% reported,edison,10,unknown,,4122,,,1787,2458,97,77,0,1312,2024,60,66,0,2021-02-17T16:48:03Z,15.18443,D+15,Hegar +15,democrat,hegarm,texas,2021-05-06T16:48:45.371090Z
48133,Eastland,8089,6367,10,10,Released as a precinct as first report of the night,98,8292,98%,98% reported,edison,10,unknown,,5907,,,7015,910,131,31,2,5523,731,95,18,0,2021-02-17T16:48:14Z,75.47286,R+75,Cornyn +75,republican,cornynj,texas,2021-05-06T16:48:45.371090Z
48135,Ector,43572,34675,41,41,Released as a precinct as first report of the night,98,44581,98%,98% reported,edison,10,unknown,,35298,,,31711,10682,902,277,,25345,8568,591,171,,2021-02-22T19:48:07Z,48.26265,R+48,Cornyn +48,republican,cornynj,texas,2021-05-06T16:48:45.371090Z
48137,Edwards,986,733,5,5,Released as a precinct as first report of the night,92,1066,92%,92% reported,edison,10,unknown,,827,,,824,144,14,3,1,610,112,9,2,0,2021-02-17T16:48:24Z,68.96552,R+69,Cornyn +69,republican,cornynj,texas,2021-05-06T16:48:45.371090Z
48141,El Paso,259250,205772,209,209,Released as a precinct as first report of the night,97,267215,97%,97% reported,edison,10,unknown,,157724,,,80021,164931,8248,6036,14,62562,133211,5847,4152,0,2021-02-17T16:48:35Z,32.75217,D+33,Hegar +33,democrat,hegarm,texas,2021-05-06T16:48:45.371090Z
48139,Ellis,85039,74700,50,50,Released as a precinct as first report of the night,99,85493,99%,99% reported,edison,10,all,,56843,,,57078,25780,1589,585,7,50069,22917,1261,453,0,2020-12-14T16:49:45Z,36.80429,R+37,Cornyn +37,republican,cornynj,texas,2021-05-06T16:48:45.371090Z
48143,Erath,16708,13507,22,22,Released as a precinct as first report of the night,99,16853,99%,99% reported,edison,10,unknown,,13085,,,13564,2707,335,102,,10975,2225,237,70,,2021-02-17T16:48:47Z,64.98085,R+65,Cornyn +65,republican,cornynj,texas,2021-05-06T16:48:45.371090Z
48145,Falls,6039,3651,13,13,Released as a precinct as first report of the night,98,6133,98%,98% reported,edison,10,unknown,,3515,,,4157,1787,76,19,0,2361,1241,43,6,0,2021-02-17T16:48:52Z,39.24491,R+39,Cornyn +39,republican,cornynj,texas,2021-05-06T16:48:45.371090Z
48147,Fannin,14749,10870,17,17,Released as a precinct as first report of the night,98,15004,98%,98% reported,edison,10,unknown,,8408,,,11836,2559,273,80,1,8635,2026,160,49,0,2021-02-17T16:48:58Z,62.89918,R+63,Cornyn +63,republican,cornynj,texas,2021-05-06T16:48:45.371090Z
48149,Fayette,12864,9244,27,27,Released as a precinct as first report of the night,99,12941,99%,99% reported,edison,10,unknown,,7646,,,10056,2634,129,45,0,7148,1990,77,29,0,2021-02-17T16:49:08Z,57.6959,R+58,Cornyn +58,republican,cornynj,texas,2021-05-06T16:48:45.371090Z
48151,Fisher,1804,1289,5,5,Released as a precinct as first report of the night,99,1826,99%,99% reported,edison,10,unknown,,1044,,,1418,351,28,7,0,1015,256,16,2,0,2021-02-17T16:49:16Z,59.14634,R+59,Cornyn +59,republican,cornynj,texas,2021-05-06T16:48:45.371090Z
48153,Floyd,1990,1631,7,7,Released as a precinct as first report of the night,98,2039,98%,98% reported,edison,10,unknown,,2191,,,1554,397,29,10,0,1302,308,16,5,0,2021-02-17T16:49:26Z,58.1407,R+58,Cornyn +58,republican,cornynj,texas,2021-05-06T16:48:45.371090Z
48155,Foard,519,389,5,5,Released as a precinct as first report of the night,94,551,94%,94% reported,edison,10,unknown,,398,,,404,107,7,1,0,304,79,5,1,0,2021-02-17T16:49:37Z,57.22543,R+57,Cornyn +57,republican,cornynj,texas,2021-05-06T16:48:45.371090Z
48157,Fort Bend,347439,318995,160,160,Released as a precinct as first report of the night,97,357514,97%,97% reported,edison,10,unknown,,267057,,,160977,178984,5359,2112,7,147461,165270,4490,1774,0,2020-12-14T16:50:38Z,5.18278,D+5,Hegar +5,democrat,hegarm,texas,2021-05-06T16:48:45.371090Z
48159,Franklin,4942,3890,9,9,Released as a precinct as first report of the night,99,5009,99%,99% reported,edison,10,unknown,,3878,,,4114,753,63,12,0,3211,628,44,7,0,2021-02-17T16:49:47Z,68.0089,R+68,Cornyn +68,republican,cornynj,texas,2021-05-06T16:48:45.371090Z
48161,Freestone,8557,6431,16,16,Released as a precinct as first report of the night,98,8711,98%,98% reported,edison,10,unknown,,7301,,,6838,1553,116,50,0,5096,1233,70,32,0,2021-02-17T16:49:58Z,61.7623,R+62,Cornyn +62,republican,cornynj,texas,2021-05-06T16:48:45.371090Z
48163,Frio,4921,3478,10,10,Released as a precinct as first report of the night,93,5279,93%,93% reported,edison,10,unknown,,2129,,,2489,2283,71,78,0,1667,1722,45,44,0,2021-02-17T16:50:08Z,4.18614,R+4,Cornyn +4,republican,cornynj,texas,2021-05-06T16:48:45.371090Z
48165,Gaines,5760,5017,9,9,Released as a precinct as first report of the night,96,5995,96%,96% reported,edison,10,unknown,,3944,,,5118,548,76,18,,4502,446,55,14,,2021-01-08T19:57:55Z,79.34028,R+79,Cornyn +79,republican,cornynj,texas,2021-05-06T16:48:45.371090Z
48167,Galveston,153386,138502,93,93,Released as a precinct as first report of the night,99,155060,99%,99% reported,edison,10,unknown,,137290,,,94317,55094,3003,969,3,85353,49947,2423,779,0,2021-02-17T16:50:26Z,25.57143,R+26,Cornyn +26,republican,cornynj,texas,2021-05-06T16:48:45.371090Z
48169,Garza,1617,1215,7,7,Released as a precinct as first report of the night,98,1653,98%,98% reported,edison,10,unknown,,1568,,,1374,225,11,7,0,1043,164,4,4,0,2021-02-17T16:50:36Z,71.05751,R+71,Cornyn +71,republican,cornynj,texas,2021-05-06T16:48:45.371090Z
48171,Gillespie,15779,12618,14,14,Released as a precinct as first report of the night,100,15846,100%,100% reported,edison,10,unknown,,13119,,,12543,2996,200,39,1,9810,2645,138,25,0,2021-02-17T16:50:49Z,60.50447,R+61,Cornyn +61,republican,cornynj,texas,2021-05-06T16:48:45.371090Z
48173,Glasscock,646,485,5,5,Released as a precinct as first report of the night,99,653,99%,99% reported,edison,10,unknown,,495,,,603,35,5,3,0,453,27,4,1,0,2021-02-17T16:50:59Z,87.9257,R+88,Cornyn +88,republican,cornynj,texas,2021-05-06T16:48:45.371090Z
48175,Goliad,3909,2848,10,10,Released as a precinct as first report of the night,98,3988,98%,98% reported,edison,10,unknown,,3358,,,3000,840,43,14,12,2164,646,25,5,8,2021-02-17T16:51:11Z,55.2571,R+55,Cornyn +55,republican,cornynj,texas,2021-05-06T16:48:45.371090Z
48177,Gonzales,7531,5937,16,16,Released as a precinct as first report of the night,98,7647,98%,98% reported,edison,10,unknown,,5788,,,5617,1782,89,42,1,4454,1401,55,27,0,2021-02-17T16:51:22Z,50.92285,R+51,Cornyn +51,republican,cornynj,texas,2021-05-06T16:48:45.371090Z
48179,Gray,7688,5688,8,8,Released as a precinct as first report of the night,99,7782,99%,99% reported,edison,10,unknown,,7277,,,6705,774,167,42,0,4974,579,103,32,0,2021-02-17T16:51:30Z,77.1462,R+77,Cornyn +77,republican,cornynj,texas,2021-05-06T16:48:45.371090Z
48181,Grayson,58974,49919,37,37,Released as a precinct as first report of the night,99,59439,99%,99% reported,edison,10,unknown,,43337,,,43735,13938,1008,293,0,37103,11859,749,208,0,2021-02-17T16:51:35Z,50.52566,R+51,Cornyn +51,republican,cornynj,texas,2021-05-06T16:48:45.371090Z
48183,Gregg,47484,42271,22,22,Released as a precinct as first report of the night,99,47982,99%,99% reported,edison,10,unknown,,51605,,,32467,14025,787,204,1,29078,12412,615,166,0,2021-02-17T16:51:43Z,38.83835,R+39,Cornyn +39,republican,cornynj,texas,2021-05-06T16:48:45.371090Z
48185,Grimes,12275,9412,15,15,Released as a precinct as first report of the night,99,12413,99%,99% reported,edison,10,unknown,,7009,,,9338,2678,199,60,,7101,2145,125,41,,2021-01-08T19:59:01Z,54.25662,R+54,Cornyn +54,republican,cornynj,texas,2021-05-06T16:48:45.371090Z
48187,Guadalupe,76981,67554,72,72,Released as a precinct as first report of the night,99,77592,99%,99% reported,edison,10,some,,55597,,,48308,26697,1545,428,3,42067,23963,1190,334,0,2021-01-08T19:59:11Z,28.07316,R+28,Cornyn +28,republican,cornynj,texas,2021-05-06T16:48:45.371090Z
48189,Hale,9376,7351,31,31,Released as a precinct as first report of the night,98,9584,98%,98% reported,edison,10,unknown,,8534,,,6999,2155,155,67,,5619,1592,104,36,,2021-02-17T17:07:14Z,51.66382,R+52,Cornyn +52,republican,cornynj,texas,2021-05-06T16:48:45.371090Z
48191,Hall,1140,793,5,5,Released as a precinct as first report of the night,98,1168,98%,98% reported,edison,10,unknown,,871,,,967,156,7,10,0,670,113,5,5,0,2021-02-17T17:07:21Z,71.14035,R+71,Cornyn +71,republican,cornynj,texas,2021-05-06T16:48:45.371090Z
48193,Hamilton,4294,3245,12,12,Released as a precinct as first report of the night,99,4349,99%,99% reported,edison,10,unknown,,3191,,,3574,594,63,45,18,2684,474,45,42,0,2021-02-17T17:07:32Z,69.39916,R+69,Cornyn +69,republican,cornynj,texas,2021-05-06T16:48:45.371090Z
48195,Hansford,2028,1348,8,8,Released as a precinct as first report of the night,99,2047,99%,99% reported,edison,10,unknown,,1429,,,1844,158,21,5,,1229,104,10,5,,2021-02-22T20:10:56Z,83.13609,R+83,Cornyn +83,republican,cornynj,texas,2021-05-06T16:48:45.371090Z
48197,Hardeman,1555,1001,4,4,Released as a precinct as first report of the night,98,1580,98%,98% reported,edison,10,unknown,,1239,,,1313,232,9,1,0,834,161,5,1,0,2021-02-17T17:07:43Z,69.51768,R+70,Cornyn +70,republican,cornynj,texas,2021-05-06T16:48:45.371090Z
48199,Hardin,27384,22582,20,20,Released as a precinct as first report of the night,99,27635,99%,99% reported,edison,10,unknown,,18988,,,23516,3388,393,87,0,19347,2900,274,61,0,2021-02-17T17:08:02Z,73.50278,R+74,Cornyn +74,republican,cornynj,texas,2021-05-06T16:48:45.371090Z
48201,Harris,1614525,1420107,1013,1013,Released as a precinct as first report of the night,98,1640818,98%,98% reported,edison,10,some,,1267589,,,718228,854158,29217,12889,33,627044,759511,23639,9883,30,2021-02-17T17:08:12Z,8.41919,D+8,Hegar +8,democrat,hegarm,texas,2021-05-06T16:48:45.371090Z
48203,Harrison,29384,25284,27,27,Released as a precinct as first report of the night,99,29710,99%,99% reported,edison,10,unknown,,29321,,,21231,7612,440,101,0,18276,6596,329,83,0,2021-02-17T17:08:09Z,46.34835,R+46,Cornyn +46,republican,cornynj,texas,2021-05-06T16:48:45.371090Z
48205,Hartley,2072,1614,7,7,Released as a precinct as first report of the night,100,2078,100%,100% reported,edison,10,unknown,,1711,,,1859,176,27,10,0,1455,135,20,4,0,2021-02-17T17:08:17Z,81.22587,R+81,Cornyn +81,republican,cornynj,texas,2021-05-06T16:48:45.371090Z
48207,Haskell,2183,1364,5,5,Released as a precinct as first report of the night,99,2214,99%,99% reported,edison,10,unknown,,1208,,,1808,347,15,13,,1117,232,8,7,,2020-11-24T13:26:52Z,66.92625,R+67,Cornyn +67,republican,cornynj,texas,2021-05-06T16:48:45.371090Z
48209,Hays,108546,97629,69,69,Released as a precinct as first report of the night,99,109357,99%,99% reported,edison,10,all,,65929,,,49539,55597,2595,814,1,44081,50806,2089,653,0,2021-01-08T20:00:53Z,5.58104,D+6,Hegar +6,democrat,hegarm,texas,2021-05-06T16:48:45.371090Z
48211,Hemphill,1693,1154,9,9,Released as a precinct as first report of the night,98,1720,98%,98% reported,edison,10,unknown,,1081,,,1465,197,22,9,0,999,139,12,4,0,2021-02-17T17:09:21Z,74.89663,R+75,Cornyn +75,republican,cornynj,texas,2021-05-06T16:48:45.371090Z
48213,Henderson,36096,29551,28,28,Released as a precinct as first report of the night,99,36310,99%,99% reported,edison,10,unknown,,26045,,,28717,6672,526,180,1,23486,5580,368,117,0,2021-02-17T17:09:31Z,61.07325,R+61,Cornyn +61,republican,cornynj,texas,2021-05-06T16:48:45.371090Z
48215,Hidalgo,209483,178958,256,256,Released as a precinct as first report of the night,95,220884,95%,95% reported,edison,10,unknown,,168180,,,84284,116962,5072,3119,46,71441,101271,3860,2353,33,2021-02-17T17:10:20Z,15.59936,D+16,Hegar +16,democrat,hegarm,texas,2021-05-06T16:48:45.371090Z
48217,Hill,14827,9572,22,22,Released as a precinct as first report of the night,99,14931,99%,99% reported,edison,10,all,,8740,,,11845,2688,196,98,,7533,1881,105,53,,2021-02-17T17:10:57Z,61.75895,R+62,Cornyn +62,republican,cornynj,texas,2021-05-06T16:48:45.371090Z
48219,Hockley,7988,6240,15,15,Released as a precinct as first report of the night,99,8095,99%,99% reported,edison,10,unknown,,6866,,,6449,1384,124,28,3,5067,1084,75,14,0,2021-02-17T17:11:49Z,63.40761,R+63,Cornyn +63,republican,cornynj,texas,2021-05-06T16:48:45.371090Z
48221,Hood,32181,25349,16,16,Released as a precinct as first report of the night,99,32541,99%,99% reported,edison,10,unknown,,23816,,,26253,5228,509,189,2,20536,4371,311,129,2,2021-02-22T20:05:28Z,65.33358,R+65,Cornyn +65,republican,cornynj,texas,2021-05-06T16:48:45.371090Z
48223,Hopkins,15647,12743,22,22,Released as a precinct as first report of the night,98,15939,98%,98% reported,edison,10,unknown,,12167,,,12497,2833,236,81,0,10171,2349,166,57,0,2021-02-17T17:11:14Z,61.76264,R+62,Cornyn +62,republican,cornynj,texas,2021-05-06T16:48:45.371090Z
48225,Houston,9334,6985,22,22,Released as a precinct as first report of the night,99,9437,99%,99% reported,edison,10,unknown,,7268,,,6984,2230,92,28,0,5159,1751,62,13,0,2021-02-17T17:11:28Z,50.93208,R+51,Cornyn +51,republican,cornynj,texas,2021-05-06T16:48:45.371090Z
48227,Howard,10051,8167,27,27,Released as a precinct as first report of the night,98,10240,98%,98% reported,edison,10,unknown,,8479,,,7854,1959,193,45,,6398,1604,139,26,,2021-02-22T19:54:41Z,58.65088,R+59,Cornyn +59,republican,cornynj,texas,2021-05-06T16:48:45.371090Z
48229,Hudspeth,1101,565,5,5,Released as a precinct as first report of the night,95,1165,95%,95% reported,edison,10,unknown,,355,,,680,383,22,15,1,362,190,9,4,0,2020-12-11T21:49:25Z,26.97548,R+27,Cornyn +27,republican,cornynj,texas,2021-05-06T16:48:45.371090Z
48231,Hunt,38058,27946,34,34,Released as a precinct as first report of the night,99,38574,99%,99% reported,edison,10,unknown,,22277,,,28888,8319,628,223,0,21024,6392,387,143,0,2021-02-17T17:12:02Z,54.04646,R+54,Cornyn +54,republican,cornynj,texas,2021-05-06T16:48:45.371090Z
48233,Hutchinson,8693,6937,9,9,Released as a precinct as first report of the night,99,8771,99%,99% reported,edison,10,unknown,,7976,,,7575,900,178,36,4,6098,698,117,24,0,2021-02-17T17:12:21Z,76.78592,R+77,Cornyn +77,republican,cornynj,texas,2021-05-06T16:48:45.371090Z
48235,Irion,880,662,5,5,Released as a precinct as first report of the night,99,889,99%,99% reported,edison,10,unknown,,640,,,760,111,9,0,,568,89,5,0,,2021-02-17T17:12:38Z,73.75,R+74,Cornyn +74,republican,cornynj,texas,2021-05-06T16:48:45.371090Z
48237,Jack,3700,2877,7,7,Released as a precinct as first report of the night,98,3782,98%,98% reported,edison,10,unknown,,2721,,,3322,319,41,17,1,2580,255,29,13,0,2021-02-17T17:12:40Z,81.16216,R+81,Cornyn +81,republican,cornynj,texas,2021-05-06T16:48:45.371090Z
48239,Jackson,6309,5059,10,10,Released as a precinct as first report of the night,100,6340,100%,100% reported,edison,10,unknown,,4125,,,5167,1021,81,26,14,4181,807,51,20,0,2021-02-17T17:12:46Z,65.71564,R+66,Cornyn +66,republican,cornynj,texas,2021-05-06T16:48:45.371090Z
48241,Jasper,15389,12543,21,21,Released as a precinct as first report of the night,99,15608,99%,99% reported,edison,10,unknown,,13365,,,12312,2851,180,42,4,10000,2390,120,33,0,2021-02-17T17:12:58Z,61.47898,R+61,Cornyn +61,republican,cornynj,texas,2021-05-06T16:48:45.371090Z
48243,Jeff Davis,1286,1025,6,6,Released as a precinct as first report of the night,99,1305,99%,99% reported,edison,10,unknown,,1320,,,767,483,30,6,,601,400,18,6,,2021-02-17T17:13:11Z,22.08398,R+22,Cornyn +22,republican,cornynj,texas,2021-05-06T16:48:45.371090Z
48245,Jefferson,92926,82648,140,140,Released as a precinct as first report of the night,98,94739,98%,98% reported,edison,10,unknown,,111555,,,46928,44112,1418,464,4,41745,39438,1090,375,0,2021-02-17T17:13:22Z,3.03037,R+3,Cornyn +3,republican,cornynj,texas,2021-05-06T16:48:45.371090Z
48247,Jim Hogg,1844,1311,6,6,Released as a precinct as first report of the night,91,2036,91%,91% reported,edison,10,unknown,,974,,,652,1136,30,26,0,398,882,15,16,0,2021-02-17T17:13:42Z,26.24729,D+26,Hegar +26,democrat,hegarm,texas,2021-05-06T16:48:45.371090Z
48249,Jim Wells,13260,9682,22,22,Released as a precinct as first report of the night,97,13669,97%,97% reported,edison,10,unknown,,4321,,,6957,6025,170,108,0,4980,4531,106,65,0,2021-02-17T17:13:54Z,7.02866,R+7,Cornyn +7,republican,cornynj,texas,2021-05-06T16:48:45.371090Z
48251,Johnson,71463,60697,36,36,Released as a precinct as first report of the night,99,72005,99%,99% reported,edison,10,unknown,,51853,,,54403,15474,1217,369,0,46065,13455,916,261,0,2021-02-17T17:14:07Z,54.47434,R+54,Cornyn +54,republican,cornynj,texas,2021-05-06T16:48:45.371090Z
48253,Jones,6621,4323,12,12,Released as a precinct as first report of the night,98,6741,98%,98% reported,edison,10,unknown,,3234,,,5546,967,81,27,0,3593,665,48,17,0,2021-02-17T17:14:19Z,69.15874,R+69,Cornyn +69,republican,cornynj,texas,2021-05-06T16:48:45.371090Z
48255,Karnes,5089,3575,15,15,Released as a precinct as first report of the night,97,5249,97%,97% reported,edison,10,unknown,,2303,,,3833,1178,58,20,0,2636,890,34,15,0,2021-02-17T17:14:31Z,52.17135,R+52,Cornyn +52,republican,cornynj,texas,2021-05-06T16:48:45.371090Z
48257,Kaufman,56471,48231,31,31,Released as a precinct as first report of the night,100,56703,100%,100% reported,edison,10,all,,36321,,,37649,17507,961,352,2,31918,15301,746,266,0,2021-01-08T20:03:55Z,35.66786,R+36,Cornyn +36,republican,cornynj,texas,2021-05-06T16:48:45.371090Z
48259,Kendall,26392,23479,11,11,Released as a precinct as first report of the night,100,26438,100%,100% reported,edison,10,unknown,,20363,,,20584,5335,374,99,,18194,4920,294,71,,2021-01-08T20:04:07Z,57.77887,R+58,Cornyn +58,republican,cornynj,texas,2021-05-06T16:48:45.371090Z
48261,Kenedy,169,111,6,6,Released as a precinct as first report of the night,87,194,87%,87% reported,edison,10,unknown,,104,,,107,57,4,1,,70,37,3,1,,2021-02-17T17:14:45Z,29.5858,R+30,Cornyn +30,republican,cornynj,texas,2021-05-06T16:48:45.371090Z
48263,Kent,445,309,7,7,Released as a precinct as first report of the night,96,462,96%,96% reported,edison,10,unknown,,353,,,386,53,4,2,0,260,47,2,0,0,2021-02-17T17:14:56Z,74.83146,R+75,Cornyn +75,republican,cornynj,texas,2021-05-06T16:48:45.371090Z
48265,Kerr,27543,23889,21,21,Released as a precinct as first report of the night,99,27745,99%,99% reported,edison,10,all,,26771,,,21022,5946,446,128,1,18138,5332,327,92,0,2021-02-22T20:05:48Z,54.73623,R+55,Cornyn +55,republican,cornynj,texas,2021-05-06T16:48:45.371090Z
48267,Kimble,2253,1778,8,8,Released as a precinct as first report of the night,98,2292,98%,98% reported,edison,10,unknown,,1950,,,1962,254,28,9,0,1553,201,19,5,0,2021-02-17T17:15:10Z,75.81003,R+76,Cornyn +76,republican,cornynj,texas,2021-05-06T16:48:45.371090Z
48269,King,154,0,5,5,Released as a precinct as first report of the night,97,159,97%,97% reported,edison,10,unknown,,125,,,149,5,0,0,0,0,0,0,0,0,2021-02-17T17:15:21Z,93.50649,R+94,Cornyn +94,republican,cornynj,texas,2021-05-06T16:48:45.371090Z
48271,Kinney,1508,1269,4,4,Released as a precinct as first report of the night,94,1603,94%,94% reported,edison,10,unknown,,1498,,,1070,395,25,13,5,902,334,19,9,5,2021-02-17T17:15:32Z,44.76127,R+45,Cornyn +45,republican,cornynj,texas,2021-05-06T16:48:45.371090Z
48273,Kleberg,10708,8728,18,18,Released as a precinct as first report of the night,98,10944,98%,98% reported,edison,10,unknown,,8039,,,5374,5067,183,84,0,4261,4280,124,63,0,2021-02-22T20:06:00Z,2.86702,R+3,Cornyn +3,republican,cornynj,texas,2021-05-06T16:48:45.371090Z
48275,Knox,1431,763,7,7,Released as a precinct as first report of the night,98,1456,98%,98% reported,edison,10,unknown,,343,,,1147,263,15,5,1,612,149,2,0,0,2021-02-17T17:15:44Z,61.77498,R+62,Cornyn +62,republican,cornynj,texas,2021-05-06T16:48:45.371090Z
48283,La Salle,2147,1469,5,5,Released as a precinct as first report of the night,89,2406,89%,89% reported,edison,10,unknown,,1195,,,1082,1005,30,29,1,745,690,17,17,0,2021-02-17T17:16:09Z,3.5864,R+4,Cornyn +4,republican,cornynj,texas,2021-05-06T16:48:45.371090Z
48285,La Vaca,10038,7235,20,20,Released as a precinct as first report of the night,98,10197,98%,98% reported,edison,10,unknown,,5887,,,8599,1305,109,23,2,6157,994,66,16,2,2021-02-22T20:11:19Z,72.66388,R+73,Cornyn +73,republican,cornynj,texas,2021-05-06T16:48:45.371090Z
48277,Lamar,21165,16477,27,27,Released as a precinct as first report of the night,99,21418,99%,99% reported,edison,10,unknown,,15300,,,16476,4295,279,101,14,12648,3561,199,69,0,2021-02-17T17:15:56Z,57.55256,R+58,Cornyn +58,republican,cornynj,texas,2021-05-06T16:48:45.371090Z
48279,Lamb,4370,3062,12,12,Released as a precinct as first report of the night,99,4408,99%,99% reported,edison,10,unknown,,2723,,,3469,802,75,22,2,2443,560,47,12,0,2021-02-17T17:16:01Z,61.02975,R+61,Cornyn +61,republican,cornynj,texas,2021-05-06T16:48:45.371090Z
48281,Lampasas,10330,8584,10,10,Released as a precinct as first report of the night,99,10399,99%,99% reported,edison,10,unknown,,6404,,,8102,1978,189,61,,6675,1725,139,45,,2020-11-24T13:26:51Z,59.28364,R+59,Cornyn +59,republican,cornynj,texas,2021-05-06T16:48:45.371090Z
48287,Lee,8032,6507,16,16,Released as a precinct as first report of the night,99,8086,99%,99% reported,edison,10,unknown,,5270,,,6211,1689,96,36,0,5000,1412,69,26,0,2021-02-17T17:16:28Z,56.2998,R+56,Cornyn +56,republican,cornynj,texas,2021-05-06T16:48:45.371090Z
48289,Leon,8592,5656,18,18,Released as a precinct as first report of the night,99,8674,99%,99% reported,edison,10,unknown,,4924,,,7421,1028,102,41,0,4860,717,57,22,0,2021-02-22T20:11:32Z,74.40642,R+74,Cornyn +74,republican,cornynj,texas,2021-05-06T16:48:45.371090Z
48291,Liberty,29009,24129,30,30,Released as a precinct as first report of the night,99,29334,99%,99% reported,edison,10,unknown,,23806,,,22743,5662,477,127,0,19165,4520,351,93,0,2021-02-17T17:16:35Z,58.88173,R+59,Cornyn +59,republican,cornynj,texas,2021-05-06T16:48:45.371090Z
48293,Limestone,8967,6792,21,21,Released as a precinct as first report of the night,99,9095,99%,99% reported,edison,10,unknown,,6531,,,6656,2112,122,77,0,4960,1689,96,47,0,2021-02-17T17:16:48Z,50.6747,R+51,Cornyn +51,republican,cornynj,texas,2021-05-06T16:48:45.371090Z
48295,Lipscomb,1324,562,7,7,Released as a precinct as first report of the night,98,1353,98%,98% reported,edison,10,unknown,,482,,,1181,117,25,1,0,489,69,4,0,0,2021-02-17T17:17:07Z,80.36254,R+80,Cornyn +80,republican,cornynj,texas,2021-05-06T16:48:45.371090Z
48297,Live Oak,4981,3388,15,15,Released as a precinct as first report of the night,99,5054,99%,99% reported,edison,10,unknown,,3171,,,4122,790,55,14,0,2783,563,36,6,0,2021-02-17T17:17:19Z,66.8942,R+67,Cornyn +67,republican,cornynj,texas,2021-05-06T16:48:45.371090Z
48299,Llano,12596,11135,10,10,Released as a precinct as first report of the night,99,12660,99%,99% reported,edison,10,unknown,,11573,,,10047,2331,171,47,,8855,2120,121,39,,2021-02-22T20:06:18Z,61.25754,R+61,Cornyn +61,republican,cornynj,texas,2021-05-06T16:48:45.371090Z
48301,Loving,65,45,5,5,Released as a precinct as first report of the night,98,66,98%,98% reported,edison,10,unknown,,56,,,58,5,2,0,0,41,3,1,0,0,2021-02-17T17:17:35Z,81.53846,R+82,Cornyn +82,republican,cornynj,texas,2021-05-06T16:48:45.371090Z
48303,Lubbock,119504,105230,98,98,Released as a precinct as first report of the night,99,120771,99%,99% reported,edison,10,unknown,,108791,,,79459,36319,3018,702,6,70495,31861,2348,526,0,2021-02-17T17:17:49Z,36.09921,R+36,Cornyn +36,republican,cornynj,texas,2021-05-06T16:48:45.371090Z
48305,Lynn,2263,2262,15,15,Released as a precinct as first report of the night,99,2293,99%,99% reported,edison,10,all,,1615,,,1817,411,25,10,0,1817,411,25,9,0,2021-02-22T20:06:31Z,62.12992,R+62,Cornyn +62,republican,cornynj,texas,2021-05-06T16:48:45.371090Z
48313,Madison,5223,4325,5,5,Released as a precinct as first report of the night,99,5297,99%,99% reported,edison,10,unknown,,4216,,,4118,1030,61,14,,3399,874,40,12,,2021-01-08T20:05:26Z,59.12311,R+59,Cornyn +59,republican,cornynj,texas,2021-05-06T16:48:45.371090Z
48315,Marion,4758,3637,10,10,Released as a precinct as first report of the night,98,4864,98%,98% reported,edison,10,unknown,,3462,,,3380,1276,85,17,0,2566,1001,57,13,0,2021-02-17T17:18:27Z,44.22026,R+44,Cornyn +44,republican,cornynj,texas,2021-05-06T16:48:45.371090Z
48317,Martin,2112,1667,6,6,Released as a precinct as first report of the night,98,2160,98%,98% reported,edison,10,unknown,,738,,,1811,263,27,11,,1443,196,20,8,,2020-11-24T13:26:53Z,73.29545,R+73,Cornyn +73,republican,cornynj,texas,2021-05-06T16:48:45.371090Z
48319,Mason,2455,1801,5,5,Released as a precinct as first report of the night,96,2553,96%,96% reported,edison,10,all,,2092,,,1980,443,25,7,0,1775,0,20,6,0,2020-12-14T20:12:23Z,62.60692,R+63,Cornyn +63,republican,cornynj,texas,2021-05-06T16:48:45.371090Z
48321,Matagorda,13482,10783,19,19,Released as a precinct as first report of the night,98,13726,98%,98% reported,edison,10,unknown,,12052,,,9647,3551,222,62,0,7680,2901,156,46,0,2021-02-17T17:18:40Z,45.21584,R+45,Cornyn +45,republican,cornynj,texas,2021-05-06T16:48:45.371090Z
48323,Maverick,14289,10691,14,14,Released as a precinct as first report of the night,93,15346,93%,93% reported,edison,10,unknown,,9456,,,5708,7956,269,349,7,4114,6189,170,213,5,2020-12-11T21:53:06Z,15.73238,D+16,Hegar +16,democrat,hegarm,texas,2021-05-06T16:48:45.371090Z
48307,McCulloch,3385,2632,4,4,Released as a precinct as first report of the night,99,3436,99%,99% reported,edison,10,unknown,,3128,,,2843,460,63,19,,2195,382,44,11,,2021-02-17T17:18:08Z,70.39882,R+70,Cornyn +70,republican,cornynj,texas,2021-05-06T16:48:45.371090Z
48309,McLennan,96129,78872,92,92,Released as a precinct as first report of the night,98,97771,98%,98% reported,edison,10,unknown,,70693,,,60036,33439,2015,636,3,48454,28574,1404,440,0,2021-02-17T17:18:13Z,27.66803,R+28,Cornyn +28,republican,cornynj,texas,2021-05-06T16:48:45.371090Z
48311,McMullen,500,359,5,5,Released as a precinct as first report of the night,97,516,97%,97% reported,edison,10,unknown,,417,,,454,43,2,1,0,337,21,1,0,0,2021-02-17T17:18:21Z,82.2,R+82,Cornyn +82,republican,cornynj,texas,2021-05-06T16:48:45.371090Z
48325,Medina,22212,19554,8,8,Released as a precinct as first report of the night,98,22644,98%,98% reported,edison,10,unknown,,18044,,,15594,6207,313,96,2,13784,5441,250,79,0,2021-01-08T20:05:51Z,42.26094,R+42,Cornyn +42,republican,cornynj,texas,2021-05-06T16:48:45.371090Z
48327,Menard,1000,779,7,7,Released as a precinct as first report of the night,97,1028,97%,97% reported,edison,10,unknown,,813,,,797,189,10,4,0,620,154,2,3,0,2021-02-17T17:18:57Z,60.8,R+61,Cornyn +61,republican,cornynj,texas,2021-05-06T16:48:45.371090Z
48329,Midland,58528,49593,45,45,Released as a precinct as first report of the night,99,58856,99%,99% reported,edison,10,unknown,,52107,,,45733,11417,1162,216,0,38850,9714,890,139,0,2021-02-17T17:19:09Z,58.63177,R+59,Cornyn +59,republican,cornynj,texas,2021-05-06T16:48:45.371090Z
48331,Milam,10331,8710,12,12,Released as a precinct as first report of the night,98,10576,98%,98% reported,edison,10,unknown,,7689,,,7759,2382,136,54,0,6560,2012,97,41,0,2021-02-17T17:19:20Z,52.04724,R+52,Cornyn +52,republican,cornynj,texas,2021-05-06T16:48:45.371090Z
48333,Mills,2487,1934,8,8,Released as a precinct as first report of the night,99,2505,99%,99% reported,edison,10,unknown,,2437,,,2196,252,30,9,,1691,209,28,6,,2021-02-17T17:19:26Z,78.16647,R+78,Cornyn +78,republican,cornynj,texas,2021-05-06T16:48:45.371090Z
48335,Mitchell,2540,1867,7,7,Released as a precinct as first report of the night,98,2579,98%,98% reported,edison,10,unknown,,2166,,,2129,359,40,12,0,1565,266,29,7,0,2021-02-17T17:19:33Z,69.68504,R+70,Cornyn +70,republican,cornynj,texas,2021-05-06T16:48:45.371090Z
48337,Montague,9759,7992,16,16,Released as a precinct as first report of the night,99,9814,99%,99% reported,edison,10,unknown,,582,,,8526,1051,135,47,0,6975,887,96,34,0,2021-02-17T17:19:39Z,76.59596,R+77,Cornyn +77,republican,cornynj,texas,2021-05-06T16:48:45.371090Z
48339,Montgomery,268838,234416,101,101,Released as a precinct as first report of the night,99,271451,99%,99% reported,edison,10,some,,200221,,,194528,68254,4844,1208,4,169404,60404,3709,899,0,2021-01-08T20:06:39Z,46.97029,R+47,Cornyn +47,republican,cornynj,texas,2021-05-06T16:48:45.371090Z
48341,Moore,5447,3730,8,8,Released as a precinct as first report of the night,99,5508,99%,99% reported,edison,10,unknown,,3973,,,4314,999,102,32,0,3133,531,53,13,0,2021-02-17T17:21:40Z,60.85919,R+61,Cornyn +61,republican,cornynj,texas,2021-05-06T16:48:45.371090Z
48343,Morris,5481,4071,9,9,Released as a precinct as first report of the night,98,5587,98%,98% reported,edison,10,all,,4099,,,3753,1639,66,21,2,2748,1273,39,11,0,2021-02-17T17:19:59Z,38.5696,R+39,Cornyn +39,republican,cornynj,texas,2021-05-06T16:48:45.371090Z
48345,Motley,638,432,7,7,Released as a precinct as first report of the night,98,652,98%,98% reported,edison,10,unknown,,503,,,591,44,3,0,,399,32,1,0,,2021-02-17T17:20:13Z,85.73668,R+86,Cornyn +86,republican,cornynj,texas,2021-05-06T16:48:45.371090Z
48347,Nacogdoches,26499,22190,26,26,Released as a precinct as first report of the night,99,26763,99%,99% reported,edison,10,unknown,,20976,,,17370,8487,476,163,3,14197,7504,366,123,0,2021-02-17T17:20:24Z,33.52202,R+34,Cornyn +34,republican,cornynj,texas,2021-05-06T16:48:45.371090Z
48349,Navarro,18962,13936,30,30,Released as a precinct as first report of the night,99,19121,99%,99% reported,edison,10,unknown,,13004,,,13701,4821,315,125,,10008,3643,217,68,,2021-02-17T17:20:37Z,46.8305,R+47,Cornyn +47,republican,cornynj,texas,2021-05-06T16:48:45.371090Z
48351,Newton,6017,4037,23,23,Released as a precinct as first report of the night,99,6094,99%,99% reported,edison,10,unknown,,3864,,,4784,1163,47,23,0,3169,825,31,12,0,2021-02-22T20:06:54Z,60.17949,R+60,Cornyn +60,republican,cornynj,texas,2021-05-06T16:48:45.371090Z
48353,Nolan,5281,3510,10,10,Released as a precinct as first report of the night,99,5356,99%,99% reported,edison,10,unknown,,3284,,,4102,1077,84,18,,2684,770,49,7,,2021-02-17T17:20:48Z,57.28082,R+57,Cornyn +57,republican,cornynj,texas,2021-05-06T16:48:45.371090Z
48355,Nueces,125314,109437,128,128,Released as a precinct as first report of the night,98,127314,98%,98% reported,edison,10,unknown,,100673,,,64558,57180,2564,997,15,56148,50589,1949,751,0,2021-02-17T17:20:54Z,5.88761,R+6,Cornyn +6,republican,cornynj,texas,2021-05-06T16:48:45.371090Z
48357,Ochiltree,3106,2215,5,5,Released as a precinct as first report of the night,98,3156,98%,98% reported,edison,10,unknown,,2376,,,2783,278,36,8,1,2001,184,24,5,1,2021-02-22T20:14:18Z,80.65035,R+81,Cornyn +81,republican,cornynj,texas,2021-05-06T16:48:45.371090Z
48359,Oldham,996,618,8,8,Released as a precinct as first report of the night,99,1009,99%,99% reported,edison,10,unknown,,538,,,908,74,9,5,0,574,37,6,1,0,2021-02-17T17:21:02Z,83.73494,R+84,Cornyn +84,republican,cornynj,texas,2021-05-06T16:48:45.371090Z
48361,Orange,35693,30274,35,35,Released as a precinct as first report of the night,99,35994,99%,99% reported,edison,10,all,,33059,,,28720,6249,572,140,12,24366,5358,433,117,0,2021-02-22T20:07:40Z,62.95632,R+63,Cornyn +63,republican,cornynj,texas,2021-05-06T16:48:45.371090Z
48363,Palo Pinto,12328,9502,28,28,Released as a precinct as first report of the night,99,12485,99%,99% reported,edison,10,unknown,,7232,,,9999,2028,231,70,,7611,1683,156,52,,2021-02-22T19:57:51Z,64.65769,R+65,Cornyn +65,republican,cornynj,texas,2021-05-06T16:48:45.371090Z
48365,Panola,11303,7982,20,20,Released as a precinct as first report of the night,99,11451,99%,99% reported,edison,10,unknown,,9139,,,9145,2015,109,30,4,6422,1476,70,14,0,2021-02-22T20:07:47Z,63.0806,R+63,Cornyn +63,republican,cornynj,texas,2021-05-06T16:48:45.371090Z
48367,Parker,75520,64871,44,44,Released as a precinct as first report of the night,99,76128,99%,99% reported,edison,10,all,,50658,,,61705,11919,1568,325,3,53053,10387,1178,251,2,2020-11-24T13:26:57Z,65.92426,R+66,Cornyn +66,republican,cornynj,texas,2021-05-06T16:48:45.371090Z
48369,Parmer,2627,1300,10,10,Released as a precinct as first report of the night,99,2650,99%,99% reported,edison,10,unknown,,1526,,,2132,454,28,13,0,1096,198,6,0,0,2021-02-17T17:21:16Z,63.87514,R+64,Cornyn +64,republican,cornynj,texas,2021-05-06T16:48:45.371090Z
48371,Pecos,4569,3799,10,10,Released as a precinct as first report of the night,98,4668,98%,98% reported,edison,10,unknown,,4379,,,3081,1376,79,32,1,2575,1150,50,24,0,2021-02-17T17:21:30Z,37.3167,R+37,Cornyn +37,republican,cornynj,texas,2021-05-06T16:48:45.371090Z
48373,Polk,23531,19833,22,22,Released as a precinct as first report of the night,97,24181,97%,97% reported,edison,10,unknown,,22445,,,17735,5237,426,133,,14943,4468,332,90,,2021-02-17T17:22:04Z,53.11291,R+53,Cornyn +53,republican,cornynj,texas,2021-05-06T16:48:45.371090Z
48375,Potter,32836,26504,25,25,Released as a precinct as first report of the night,99,33321,99%,99% reported,edison,10,unknown,,24501,,,22683,9168,738,247,0,18456,7372,518,158,0,2021-02-17T17:22:14Z,41.15909,R+41,Cornyn +41,republican,cornynj,texas,2021-05-06T16:48:45.371090Z
48377,Presidio,2091,1708,8,8,Released as a precinct as first report of the night,94,2217,94%,94% reported,edison,10,unknown,,1723,,,651,1374,29,37,0,488,1176,20,24,0,2021-02-17T17:22:21Z,34.57676,D+35,Hegar +35,democrat,hegarm,texas,2021-05-06T16:48:45.371090Z
48379,Rains,5956,4946,9,9,Released as a precinct as first report of the night,98,6053,98%,98% reported,edison,10,unknown,,3940,,,5060,789,81,26,,4212,663,52,19,,2020-11-28T14:34:54Z,71.7092,R+72,Cornyn +72,republican,cornynj,texas,2021-05-06T16:48:45.371090Z
48381,Randall,64322,55830,23,23,Released as a precinct as first report of the night,99,64674,99%,99% reported,edison,10,unknown,,56579,,,51116,11618,1348,234,6,44536,10105,1013,176,0,2021-02-22T20:07:56Z,61.40667,R+61,Cornyn +61,republican,cornynj,texas,2021-05-06T16:48:45.371090Z
48383,Reagan,1069,857,5,5,Released as a precinct as first report of the night,95,1124,95%,95% reported,edison,10,unknown,,756,,,893,154,13,9,,721,119,10,7,,2020-11-24T13:26:50Z,69.13003,R+69,Cornyn +69,republican,cornynj,texas,2021-05-06T16:48:45.371090Z
48385,Real,1939,1614,6,6,Released as a precinct as first report of the night,98,1982,98%,98% reported,edison,10,unknown,,1530,,,1626,286,19,8,0,1352,243,15,4,0,2021-02-17T17:22:28Z,69.10779,R+69,Cornyn +69,republican,cornynj,texas,2021-05-06T16:48:45.371090Z
48387,Red River,5732,4217,20,20,Released as a precinct as first report of the night,99,5806,99%,99% reported,edison,10,unknown,,5311,,,4452,1191,58,31,0,3213,958,30,16,0,2021-02-17T17:22:34Z,56.89114,R+57,Cornyn +57,republican,cornynj,texas,2021-05-06T16:48:45.371090Z
48389,Reeves,3436,2549,12,12,Released as a precinct as first report of the night,93,3687,93%,93% reported,edison,10,unknown,,2241,,,1983,1337,73,43,0,1411,1072,42,24,0,2021-02-17T17:22:41Z,18.80093,R+19,Cornyn +19,republican,cornynj,texas,2021-05-06T16:48:45.371090Z
48391,Refugio,3173,2393,11,11,Released as a precinct as first report of the night,94,3366,94%,94% reported,edison,10,unknown,,2120,,,2073,1023,52,24,1,1580,765,34,14,0,2021-02-17T17:22:54Z,33.09171,R+33,Cornyn +33,republican,cornynj,texas,2021-05-06T16:48:45.371090Z
48393,Roberts,545,360,5,5,Released as a precinct as first report of the night,99,550,99%,99% reported,edison,10,unknown,,399,,,526,15,4,0,0,348,9,3,0,0,2021-02-17T17:23:07Z,93.76147,R+94,Cornyn +94,republican,cornynj,texas,2021-05-06T16:48:45.371090Z
48395,Robertson,7989,6449,16,16,Released as a precinct as first report of the night,99,8099,99%,99% reported,edison,10,unknown,,7781,,,5590,2244,118,36,1,4550,1792,82,25,0,2021-02-17T17:23:18Z,41.88259,R+42,Cornyn +42,republican,cornynj,texas,2021-05-06T16:48:45.371090Z
48397,Rockwall,53782,36757,18,18,Released as a precinct as first report of the night,93,57704,93%,93% reported,edison,10,all,,36546,,,37584,15009,932,257,0,36012,0,745,0,0,2020-12-11T21:56:50Z,41.97501,R+42,Cornyn +42,republican,cornynj,texas,2021-05-06T16:48:45.371090Z
48399,Runnels,4328,3020,11,11,Released as a precinct as first report of the night,98,4409,98%,98% reported,edison,10,unknown,,,,,3722,515,66,25,0,2618,356,37,9,0,2021-02-17T17:23:29Z,74.09889,R+74,Cornyn +74,republican,cornynj,texas,2021-05-06T16:48:45.371090Z
48401,Rusk,21179,16025,23,23,Released as a precinct as first report of the night,99,21368,99%,99% reported,edison,10,unknown,,18369,,,16367,4455,277,78,2,12281,3519,179,46,0,2021-02-17T17:23:41Z,56.24439,R+56,Cornyn +56,republican,cornynj,texas,2021-05-06T16:48:45.371090Z
48403,Sabine,5437,4269,9,9,Released as a precinct as first report of the night,99,5487,99%,99% reported,edison,10,unknown,,4544,,,4678,688,46,23,2,3666,553,34,16,0,2021-02-22T19:49:52Z,73.38606,R+73,Cornyn +73,republican,cornynj,texas,2021-05-06T16:48:45.371090Z
48405,San Augustine,3877,2837,12,12,Released as a precinct as first report of the night,97,4002,97%,97% reported,edison,10,unknown,,3105,,,2898,928,39,12,,2048,758,22,9,,2021-02-22T19:50:02Z,50.81248,R+51,Cornyn +51,republican,cornynj,texas,2021-05-06T16:48:45.371090Z
48407,San Jacinto,12363,10187,12,12,Released as a precinct as first report of the night,98,12638,98%,98% reported,edison,10,unknown,,9360,,,9808,2268,224,63,0,8068,1897,175,47,0,2021-02-22T19:50:07Z,60.98843,R+61,Cornyn +61,republican,cornynj,texas,2021-05-06T16:48:45.371090Z
48409,San Patricio,25316,21558,26,26,Released as a precinct as first report of the night,98,25888,98%,98% reported,edison,10,unknown,,19161,,,16174,8494,487,161,0,13775,7292,364,127,0,2021-02-22T19:50:16Z,30.33655,R+30,Cornyn +30,republican,cornynj,texas,2021-05-06T16:48:45.371090Z
48411,San Saba,2500,1785,4,4,Released as a precinct as first report of the night,96,2602,96%,96% reported,edison,10,unknown,,1940,,,2218,270,9,3,0,1567,215,2,1,0,2021-02-22T19:50:22Z,77.92,R+78,Cornyn +78,republican,cornynj,texas,2021-05-06T16:48:45.371090Z
48413,Schleicher,1132,890,5,5,Released as a precinct as first report of the night,98,1159,98%,98% reported,edison,10,unknown,,1035,,,927,191,10,4,0,733,146,8,3,0,2021-02-22T19:50:30Z,65.01767,R+65,Cornyn +65,republican,cornynj,texas,2021-05-06T16:48:45.371090Z
48415,Scurry,5797,4591,12,12,Released as a precinct as first report of the night,99,5869,99%,99% reported,edison,10,unknown,,4983,,,4870,805,89,32,1,3886,630,53,22,0,2021-02-22T19:50:44Z,70.12248,R+70,Cornyn +70,republican,cornynj,texas,2021-05-06T16:48:45.371090Z
48417,Shackelford,1607,1231,8,8,Released as a precinct as first report of the night,99,1628,99%,99% reported,edison,10,unknown,,1206,,,1475,115,14,3,0,1138,85,5,3,0,2021-02-22T19:51:02Z,84.62974,R+85,Cornyn +85,republican,cornynj,texas,2021-05-06T16:48:45.371090Z
48419,Shelby,9992,6912,15,15,Released as a precinct as first report of the night,99,10084,99%,99% reported,edison,10,unknown,,7145,,,7868,2022,75,27,0,5356,1493,48,15,0,2021-02-22T19:51:17Z,58.50681,R+59,Cornyn +59,republican,cornynj,texas,2021-05-06T16:48:45.371090Z
48421,Sherman,987,678,5,5,Released as a precinct as first report of the night,100,991,100%,100% reported,edison,10,unknown,,974,,,889,88,7,2,1,604,69,4,0,1,2021-02-22T19:51:24Z,81.15502,R+81,Cornyn +81,republican,cornynj,texas,2021-05-06T16:48:45.371090Z
48423,Smith,99887,86677,74,74,Released as a precinct as first report of the night,100,100075,100%,100% reported,edison,10,unknown,,90067,,,69574,28385,1484,443,1,60615,24637,1095,330,0,2021-02-22T19:51:37Z,41.2356,R+41,Cornyn +41,republican,cornynj,texas,2021-05-06T16:48:45.371090Z
48425,Somervell,4921,4247,4,4,Released as a precinct as first report of the night,99,4947,99%,99% reported,edison,10,all,,3539,,,4103,712,78,27,1,3543,622,61,21,0,2020-12-14T20:18:38Z,68.90876,R+69,Cornyn +69,republican,cornynj,texas,2021-05-06T16:48:45.371090Z
48427,Starr,14751,12079,10,10,Released as a precinct as first report of the night,84,17525,84%,84% reported,edison,10,unknown,,12032,,,5845,8161,357,387,1,4651,6836,287,305,0,2020-12-14T20:19:48Z,15.70063,D+16,Hegar +16,democrat,hegarm,texas,2021-05-06T16:48:45.371090Z
48429,Stephens,3735,2969,9,9,Released as a precinct as first report of the night,98,3800,98%,98% reported,edison,10,unknown,,3737,,,3312,374,32,17,0,2622,311,23,13,0,2021-02-22T19:51:56Z,78.66131,R+79,Cornyn +79,republican,cornynj,texas,2021-05-06T16:48:45.371090Z
48431,Sterling,621,473,4,4,Released as a precinct as first report of the night,97,639,97%,97% reported,edison,10,unknown,,408,,,567,47,2,5,0,437,33,1,2,0,2021-02-22T19:52:08Z,83.73591,R+84,Cornyn +84,republican,cornynj,texas,2021-05-06T16:48:45.371090Z
48433,Stonewall,714,713,4,4,Released as a precinct as first report of the night,97,736,97%,97% reported,edison,10,all,,437,,,586,122,3,3,0,586,122,2,3,0,2021-02-22T20:08:20Z,64.98599,R+65,Cornyn +65,republican,cornynj,texas,2021-05-06T16:48:45.371090Z
48435,Sutton,1529,1308,5,5,Released as a precinct as first report of the night,98,1557,98%,98% reported,edison,10,unknown,,1807,,,1204,305,10,10,0,1033,262,5,8,0,2021-02-22T19:53:15Z,58.7966,R+59,Cornyn +59,republican,cornynj,texas,2021-05-06T16:48:45.371090Z
48437,Swisher,2319,1742,9,9,Released as a precinct as first report of the night,98,2355,98%,98% reported,edison,10,unknown,,1756,,,1795,464,44,15,1,1373,335,26,8,0,2021-02-22T19:52:36Z,57.39543,R+57,Cornyn +57,republican,cornynj,texas,2021-05-06T16:48:45.371090Z
48439,Tarrant,828116,752265,730,730,Released as a precinct as first report of the night,99,834697,99%,99% reported,edison,10,some,,685898,,,423117,382408,16443,6130,18,387136,345159,14559,5407,4,2021-02-22T19:44:20Z,4.91586,R+5,Cornyn +5,republican,cornynj,texas,2021-05-06T16:48:45.371090Z
48441,Taylor,54483,44931,35,35,Released as a precinct as first report of the night,99,55112,99%,99% reported,edison,10,unknown,,48518,,,39887,13074,1209,309,4,32709,11120,874,228,0,2021-02-22T19:43:55Z,49.21352,R+49,Cornyn +49,republican,cornynj,texas,2021-05-06T16:48:45.371090Z
48443,Terrell,450,354,5,5,Released as a precinct as first report of the night,98,458,98%,98% reported,edison,10,unknown,,648,,,324,116,5,3,2,248,96,5,3,2,2021-02-22T19:53:06Z,46.22222,R+46,Cornyn +46,republican,cornynj,texas,2021-05-06T16:48:45.371090Z
48445,Terry,3524,2825,8,8,Released as a precinct as first report of the night,98,3612,98%,98% reported,edison,10,unknown,,3782,,,2731,714,63,16,0,2217,551,47,10,0,2021-02-22T19:43:41Z,57.2361,R+57,Cornyn +57,republican,cornynj,texas,2021-05-06T16:48:45.371090Z
48447,Throckmorton,874,528,6,6,Released as a precinct as first report of the night,97,899,97%,97% reported,edison,10,unknown,,614,,,788,76,7,3,0,479,44,4,1,0,2021-02-22T19:43:34Z,81.46453,R+81,Cornyn +81,republican,cornynj,texas,2021-05-06T16:48:45.371090Z
48449,Titus,10376,8131,19,19,Released as a precinct as first report of the night,98,10539,98%,98% reported,edison,10,unknown,,7555,,,7426,2748,152,50,0,5889,2104,103,35,0,2021-02-22T19:43:23Z,45.08481,R+45,Cornyn +45,republican,cornynj,texas,2021-05-06T16:48:45.371090Z
48451,Tom Green,44823,33043,35,35,Released as a precinct as first report of the night,99,45210,99%,99% reported,edison,10,all,,37998,,,32340,11371,876,234,2,23496,8872,534,141,0,2020-12-11T21:57:23Z,46.78179,R+47,Cornyn +47,republican,cornynj,texas,2021-05-06T16:48:45.371090Z
48453,Travis,600609,547352,248,248,Released as a precinct as first report of the night,98,610349,98%,98% reported,edison,10,all,,391428,,,175860,408528,12006,4191,24,154205,380260,9537,3350,0,2021-01-08T20:13:08Z,38.73868,D+39,Hegar +39,democrat,hegarm,texas,2021-05-06T16:48:45.371090Z
48455,Trinity,6812,5244,20,20,Released as a precinct as first report of the night,98,6938,98%,98% reported,edison,10,unknown,,6125,,,5445,1258,79,30,,4206,970,46,22,,2021-02-22T19:43:16Z,61.46506,R+61,Cornyn +61,republican,cornynj,texas,2021-05-06T16:48:45.371090Z
48457,Tyler,9523,6601,18,18,Released as a precinct as first report of the night,99,9660,99%,99% reported,edison,10,unknown,,6461,,,7916,1400,154,53,0,5390,1077,97,37,0,2021-02-22T19:43:03Z,68.42382,R+68,Cornyn +68,republican,cornynj,texas,2021-05-06T16:48:45.371090Z
48459,Upshur,18653,15148,22,22,Released as a precinct as first report of the night,99,18887,99%,99% reported,edison,10,all,,12933,,,15470,2804,320,55,4,12518,2375,217,38,0,2021-02-22T19:42:48Z,67.90329,R+68,Cornyn +68,republican,cornynj,texas,2021-05-06T16:48:45.371090Z
48461,Upton,1336,1035,5,5,Released as a precinct as first report of the night,98,1368,98%,98% reported,edison,10,unknown,,1421,,,1147,160,18,11,,887,125,14,9,,2021-02-22T19:42:27Z,73.87725,R+74,Cornyn +74,republican,cornynj,texas,2021-05-06T16:48:45.371090Z
48463,Uvalde,10082,7989,14,14,Released as a precinct as first report of the night,97,10342,97%,97% reported,edison,10,unknown,,10291,,,5968,3821,192,99,2,4519,3256,147,67,0,2021-02-22T19:42:16Z,21.29538,R+21,Cornyn +21,republican,cornynj,texas,2021-05-06T16:48:45.371090Z
48465,Val Verde,14968,11747,17,17,Released as a precinct as first report of the night,98,15272,98%,98% reported,edison,10,unknown,,12685,,,8103,6430,252,170,13,6280,5196,162,109,0,2021-02-22T19:42:01Z,11.17718,R+11,Cornyn +11,republican,cornynj,texas,2021-05-06T16:48:45.371090Z
48467,Van Zandt,25782,17038,19,19,Released as a precinct as first report of the night,99,25994,99%,99% reported,edison,10,unknown,,15091,,,22010,3374,282,107,9,14546,2279,162,51,0,2021-02-22T19:41:50Z,72.28299,R+72,Cornyn +72,republican,cornynj,texas,2021-05-06T16:48:45.371090Z
48469,Victoria,33692,27580,35,35,Released as a precinct as first report of the night,99,34188,99%,99% reported,edison,10,unknown,,29340,,,23144,9834,524,172,18,18830,8251,374,125,0,2021-02-22T20:08:43Z,39.50493,R+40,Cornyn +40,republican,cornynj,texas,2021-05-06T16:48:45.371090Z
48471,Walker,23477,19347,17,17,Released as a precinct as first report of the night,99,23612,99%,99% reported,edison,10,unknown,,16785,,,15480,7414,449,133,1,12661,6276,314,96,0,2021-02-22T20:08:55Z,34.35703,R+34,Cornyn +34,republican,cornynj,texas,2021-05-06T16:48:45.371090Z
48473,Waller,22458,18981,21,21,Released as a precinct as first report of the night,99,22734,99%,99% reported,edison,10,some,,15909,,,14219,7725,394,120,,12127,6488,282,84,,2020-11-28T14:44:21Z,28.9162,R+29,Cornyn +29,republican,cornynj,texas,2021-05-06T16:48:45.371090Z
48475,Ward,3941,3037,9,9,Released as a precinct as first report of the night,97,4060,97%,97% reported,edison,10,unknown,,3020,,,3138,725,61,16,1,2440,547,39,11,0,2021-02-22T19:41:36Z,61.22811,R+61,Cornyn +61,republican,cornynj,texas,2021-05-06T16:48:45.371090Z
48477,Washington,17280,14398,22,22,Released as a precinct as first report of the night,99,17418,99%,99% reported,edison,10,all,,15246,,,12988,4017,223,51,1,10763,3444,156,35,0,2021-02-22T19:41:17Z,51.91551,R+52,Cornyn +52,republican,cornynj,texas,2021-05-06T16:48:45.371090Z
48479,Webb,66393,51881,70,70,Released as a precinct as first report of the night,97,68397,97%,97% reported,edison,10,some,,48936,,,23153,40822,1246,1103,69,17885,32304,914,732,46,2021-02-22T19:41:09Z,26.61275,D+27,Hegar +27,democrat,hegarm,texas,2021-05-06T16:48:45.371090Z
48481,Wharton,16621,14385,13,13,Released as a precinct as first report of the night,99,16761,99%,99% reported,edison,10,unknown,,14576,,,11832,4513,204,70,2,10397,3766,164,58,0,2021-02-22T19:40:54Z,44.03465,R+44,Cornyn +44,republican,cornynj,texas,2021-05-06T16:48:45.371090Z
48483,Wheeler,2281,1598,11,11,Released as a precinct as first report of the night,98,2337,98%,98% reported,edison,10,unknown,,1640,,,2079,165,26,11,0,1457,118,17,6,0,2021-02-22T19:40:40Z,83.91057,R+84,Cornyn +84,republican,cornynj,texas,2021-05-06T16:48:45.371090Z
48485,Wichita,45281,37127,62,62,Released as a precinct as first report of the night,98,46030,98%,98% reported,edison,10,some,,45995,,,31626,12399,997,259,,26142,10115,690,180,,2021-02-22T19:40:24Z,42.46152,R+42,Cornyn +42,republican,cornynj,texas,2021-05-06T16:48:45.371090Z
48487,Wilbarger,4419,3664,5,5,Released as a precinct as first report of the night,98,4524,98%,98% reported,edison,10,unknown,,4072,,,3473,874,54,18,0,2907,703,43,11,0,2021-02-22T19:37:05Z,58.81421,R+59,Cornyn +59,republican,cornynj,texas,2021-05-06T16:48:45.371090Z
48489,Willacy,5289,3408,17,17,Released as a precinct as first report of the night,95,5549,95%,95% reported,edison,10,unknown,,3321,,,2183,2968,85,53,,1359,1974,46,29,,2021-02-22T20:09:09Z,14.84213,D+15,Hegar +15,democrat,hegarm,texas,2021-05-06T16:48:45.371090Z
48491,Williamson,283807,256593,58,58,Released as a precinct as first report of the night,98,289312,98%,98% reported,edison,10,all,,172960,,,142391,133783,6123,1492,18,126717,123747,4939,1190,0,2021-01-27T16:55:22Z,3.03305,R+3,Cornyn +3,republican,cornynj,texas,2021-05-06T16:48:45.371090Z
48493,Wilson,24697,20661,17,17,Released as a precinct as first report of the night,99,25013,99%,99% reported,edison,10,unknown,,17031,,,18327,5943,309,118,,15177,5164,232,88,,2020-11-27T14:56:50Z,50.14374,R+50,Cornyn +50,republican,cornynj,texas,2021-05-06T16:48:45.371090Z
48495,Winkler,2096,1447,6,6,Released as a precinct as first report of the night,99,2126,99%,99% reported,edison,10,unknown,,1480,,,1714,338,30,12,2,1172,251,18,6,0,2021-02-22T19:36:41Z,65.64885,R+66,Cornyn +66,republican,cornynj,texas,2021-05-06T16:48:45.371090Z
48497,Wise,31999,27070,26,26,Released as a precinct as first report of the night,99,32362,99%,99% reported,edison,10,unknown,,19355,,,26630,4644,563,162,,22605,3932,420,113,,2021-01-08T20:14:51Z,68.7084,R+69,Cornyn +69,republican,cornynj,texas,2021-05-06T16:48:45.371090Z
48499,Wood,22470,19189,14,14,Released as a precinct as first report of the night,99,22779,99%,99% reported,edison,10,unknown,,14753,,,18757,3318,306,87,2,15985,2910,230,64,0,2021-02-22T19:36:32Z,68.70939,R+69,Cornyn +69,republican,cornynj,texas,2021-05-06T16:48:45.371090Z
48501,Yoakum,2599,2105,7,7,Released as a precinct as first report of the night,99,2631,99%,99% reported,edison,10,unknown,,2155,,,2153,387,38,21,0,1778,284,28,15,0,2021-02-22T20:09:24Z,67.94921,R+68,Cornyn +68,republican,cornynj,texas,2021-05-06T16:48:45.371090Z
48503,Young,8109,6992,10,10,Released as a precinct as first report of the night,98,8239,98%,98% reported,edison,10,unknown,,9164,,,6996,967,120,26,0,6055,823,94,20,0,2021-02-22T20:09:36Z,74.34949,R+74,Cornyn +74,republican,cornynj,texas,2021-05-06T16:48:45.371090Z
48505,Zapata,3377,2172,8,8,Released as a precinct as first report of the night,87,3874,87%,87% reported,edison,10,unknown,,3125,,,1454,1821,52,50,0,931,1192,26,23,0,2021-02-22T20:09:49Z,10.86763,D+11,Hegar +11,democrat,hegarm,texas,2021-05-06T16:48:45.371090Z
48507,Zavala,3994,2756,6,6,Released as a precinct as first report of the night,91,4379,91%,91% reported,edison,10,unknown,,3597,,,1232,2633,72,57,0,751,1940,36,29,0,2021-02-22T20:10:01Z,35.07762,D+35,Hegar +35,democrat,hegarm,texas,2021-05-06T16:48:45.371090Z
